coverage,sharpness,seed,alpha
0.9992732558139535,5.935819727381959,0,0.001
0.9878875968992248,3.4338987411773134,0,0.01
0.9450096899224806,1.912908071611001,0,0.05
0.9014050387596899,1.4609712087597146,0,0.1
0.8076550387596899,1.0012321554997254,0,0.2
0.998546511627907,5.70906345537766,1,0.001
0.9890988372093024,3.588556977930125,1,0.01
0.9513081395348837,1.9780890501196136,1,0.05
0.904312015503876,1.4460709792189526,1,0.1
0.8040213178294574,0.9642385427443096,1,0.2
0.999515503875969,6.235213672785806,2,0.001
0.9878875968992248,3.4285029358467796,2,0.01
0.9493701550387597,1.948982899065808,2,0.05
0.903343023255814,1.4498543633659025,2,0.1
0.8083817829457365,0.9863358158310074,2,0.2
0.9983042635658915,5.3998537459129246,3,0.001
0.9869186046511628,3.397144371539134,3,0.01
0.9491279069767442,1.972098517483755,3,0.05
0.9040697674418605,1.4627711384252469,3,0.1
0.8064437984496124,0.9843373729698257,3,0.2
0.998546511627907,5.5048259954684315,4,0.001
0.9883720930232558,3.3904826054543564,4,0.01
0.9503391472868217,2.0106286509879117,4,0.05
0.9001937984496124,1.4494202260149662,4,0.1
0.8066860465116279,0.9884615563784322,4,0.2
0.9987887596899225,5.7839250991724445,5,0.001
0.9881298449612403,3.4722496751895,5,0.01
0.9505813953488372,1.9805249112475156,5,0.05
0.9035852713178295,1.4478775391182441,5,0.1
0.8127422480620154,0.9887508835335588,5,0.2
0.9987887596899225,5.93053105514463,6,0.001
0.9854651162790697,3.3317743141653935,6,0.01
0.9508236434108527,2.021373278649211,6,0.05
0.8997093023255814,1.4552383823287616,6,0.1
0.814437984496124,1.017267226370942,6,0.2
0.999031007751938,5.862759314790182,7,0.001
0.9859496124031008,3.3045375427513375,7,0.01
0.9450096899224806,1.9020712748436464,7,0.05
0.9028585271317829,1.4496035369067966,7,0.1
0.8006298449612403,0.9753002267417732,7,0.2
0.998546511627907,5.210648402857784,8,0.001
0.9874031007751938,3.398037054097488,8,0.01
0.9484011627906976,1.9381448233749907,8,0.05
0.9014050387596899,1.4158508865335726,8,0.1
0.8091085271317829,0.9713579850967768,8,0.2
0.999031007751938,5.967355617604312,9,0.001
0.9861918604651163,3.330883157797305,9,0.01
0.9513081395348837,1.998090543010497,9,0.05
0.903827519379845,1.4843139590378926,9,0.1
0.8086240310077519,0.9965271649664756,9,0.2
0.999515503875969,6.203397962003924,10,0.001
0.9883720930232558,3.4567393296726507,10,0.01
0.9484011627906976,1.9591115171153892,10,0.05
0.8980135658914729,1.4181574128054664,10,0.1
0.8023255813953488,0.966373101248136,10,0.2
0.997093023255814,5.08507117053736,11,0.001
0.9881298449612403,3.374179730786111,11,0.01
0.9505813953488372,1.959411090829324,11,0.05
0.9023740310077519,1.4300459267865622,11,0.1
0.8122577519379846,0.9830431593355478,11,0.2
0.999515503875969,5.933980475345887,12,0.001
0.9874031007751938,3.4039855888708104,12,0.01
0.9517926356589147,1.978888911239736,12,0.05
0.8984980620155039,1.4126697119338765,12,0.1
0.8037790697674418,0.966360426430521,12,0.2
0.999515503875969,6.512811103625297,13,0.001
0.9907945736434108,3.6202921316595535,13,0.01
0.9481589147286822,1.9679353930526602,13,0.05
0.8997093023255814,1.4393225114078647,13,0.1
0.810077519379845,0.9732631624037152,13,0.2
0.9997577519379846,6.209741521896111,14,0.001
0.9900678294573644,3.6212149825497724,14,0.01
0.9467054263565892,1.9350554722062343,14,0.05
0.8968023255813954,1.404910263229611,14,0.1
0.8035368217054264,0.9702059342147932,14,0.2
0.999515503875969,6.17066085810839,15,0.001
0.9893410852713178,3.4714863625157495,15,0.01
0.9498546511627907,1.9458102177571988,15,0.05
0.904312015503876,1.449496353546734,15,0.1
0.8103197674418605,0.9773861549601013,15,0.2
0.999031007751938,6.092535056719077,16,0.001
0.9890988372093024,3.5459282668026475,16,0.01
0.9530038759689923,2.0551104566714846,16,0.05
0.9069767441860465,1.4652324117568363,16,0.1
0.8163759689922481,1.00925290202969,16,0.2
0.998546511627907,5.628748785238794,17,0.001
0.9878875968992248,3.3819228152661434,17,0.01
0.9428294573643411,1.8924829060276611,17,0.05
0.8963178294573644,1.404948989837141,17,0.1
0.7940891472868217,0.9373037650142986,17,0.2
0.999031007751938,5.802449689071279,18,0.001
0.9883720930232558,3.5083154269207215,18,0.01
0.9481589147286822,1.9491443453627255,18,0.05
0.903343023255814,1.451638201251281,18,0.1
0.8158914728682171,1.0161273362835248,18,0.2
0.9987887596899225,5.510377137927147,19,0.001
0.9898255813953488,3.6484265882295968,19,0.01
0.9544573643410853,2.0672012575899705,19,0.05
0.8970445736434108,1.4186953946836454,19,0.1
0.7999031007751938,0.95101243103678,19,0.2
0.999031007751938,5.845580011950367,20,0.001
0.9874031007751938,3.3819815808687896,20,0.01
0.9493701550387597,1.9898729374541693,20,0.05
0.8958333333333334,1.4384576381010015,20,0.1
0.8066860465116279,0.9881210658184507,20,0.2
0.999515503875969,6.923471983940772,21,0.001
0.9893410852713178,3.5905311257837633,21,0.01
0.9493701550387597,1.9813880684790768,21,0.05
0.9021317829457365,1.436669142046704,21,0.1
0.810077519379845,0.9760538181457347,21,0.2
0.999515503875969,6.579103923973482,22,0.001
0.9888565891472868,3.43642720577337,22,0.01
0.9464631782945736,1.9413911216498423,22,0.05
0.904796511627907,1.443277563449534,22,0.1
0.8088662790697675,0.9955799430925634,22,0.2
0.998546511627907,5.701141735770486,23,0.001
0.9864341085271318,3.3351987883491017,23,0.01
0.9440406976744186,1.8807361239077558,23,0.05
0.8951065891472868,1.3884338315553886,23,0.1
0.8066860465116279,0.9577779324582152,23,0.2
0.9997577519379846,6.540687646560296,24,0.001
0.9866763565891473,3.29365303047832,24,0.01
0.9479166666666666,1.9354000082142373,24,0.05
0.9016472868217055,1.4444893067381996,24,0.1
0.8045058139534884,0.9736877035104801,24,0.2
0.9997577519379846,6.49211785087823,25,0.001
0.9898255813953488,3.596349445523891,25,0.01
0.9544573643410853,2.0699352977848453,25,0.05
0.9064922480620154,1.4643764929636984,25,0.1
0.8015988372093024,0.9655405981264704,25,0.2
0.9987887596899225,5.800824196196283,26,0.001
0.9878875968992248,3.516856198912926,26,0.01
0.9452519379844961,1.9163218921277432,26,0.05
0.906734496124031,1.4575699650891114,26,0.1
0.8081395348837209,0.9821671737262234,26,0.2
0.9997577519379846,6.410570882767501,27,0.001
0.9878875968992248,3.571163495964059,27,0.01
0.9520348837209303,2.001209190376996,27,0.05
0.8970445736434108,1.4295130372099192,27,0.1
0.8015988372093024,0.9738341233805607,27,0.2
0.9987887596899225,5.595004036646661,28,0.001
0.9893410852713178,3.5288785593744922,28,0.01
0.9459786821705426,1.9149236062049164,28,0.05
0.8968023255813954,1.3963803887186401,28,0.1
0.8076550387596899,0.9737523828826333,28,0.2
0.9987887596899225,5.646882555398445,29,0.001
0.9871608527131783,3.471489552927722,29,0.01
0.9481589147286822,1.9838431477260459,29,0.05
0.8972868217054264,1.4198026937565658,29,0.1
0.7986918604651163,0.9489612720231141,29,0.2
0.999515503875969,6.250138833024755,30,0.001
0.9895833333333334,3.6815193840409797,30,0.01
0.9532461240310077,1.9916084850699833,30,0.05
0.907218992248062,1.4446602667066644,30,0.1
0.8091085271317829,0.965088825541634,30,0.2
0.9983042635658915,5.494360293474106,31,0.001
0.9890988372093024,3.4799276336369758,31,0.01
0.9484011627906976,1.9561088987135093,31,0.05
0.9028585271317829,1.437869954135434,31,0.1
0.8183139534883721,1.0009300683320534,31,0.2
0.999031007751938,5.913464780860448,32,0.001
0.9859496124031008,3.2025047638761803,32,0.01
0.9500968992248062,1.972260428364109,32,0.05
0.8977713178294574,1.4355693447601974,32,0.1
0.8011143410852714,0.9720189309703481,32,0.2
0.9987887596899225,5.466033835763193,33,0.001
0.9878875968992248,3.421137080405636,33,0.01
0.9471899224806202,1.9626423179491652,33,0.05
0.8953488372093024,1.4211043069027711,33,0.1
0.7984496124031008,0.9527830525191772,33,0.2
0.998062015503876,4.882222083490618,34,0.001
0.9871608527131783,3.350244316725651,34,0.01
0.9440406976744186,1.8742746795745366,34,0.05
0.8943798449612403,1.3980526441770849,34,0.1
0.8011143410852714,0.9564246547540964,34,0.2
0.999031007751938,5.853543523740708,35,0.001
0.9900678294573644,3.5845493476258374,35,0.01
0.9530038759689923,2.032274086552012,35,0.05
0.8977713178294574,1.4356412919559778,35,0.1
0.8076550387596899,0.9848970466979139,35,0.2
0.9987887596899225,5.602861781927647,36,0.001
0.9912790697674418,3.676721659703964,36,0.01
0.9532461240310077,1.975470120066742,36,0.05
0.8972868217054264,1.403205150254823,36,0.1
0.810562015503876,0.9790543413528418,36,0.2
0.9987887596899225,5.589951849736741,37,0.001
0.9864341085271318,3.2878523641263717,37,0.01
0.9457364341085271,1.8558159685824576,37,0.05
0.8968023255813954,1.4168260533678008,37,0.1
0.8098352713178295,0.9681191031954093,37,0.2
0.999515503875969,6.281277843912463,38,0.001
0.9878875968992248,3.4057971503645916,38,0.01
0.9476744186046512,1.9600506440746166,38,0.05
0.8987403100775194,1.4267071507782916,38,0.1
0.7945736434108527,0.9494891015241946,38,0.2
0.999031007751938,5.590776877090158,39,0.001
0.9881298449612403,3.5357061883469223,39,0.01
0.9515503875968992,2.024209437559654,39,0.05
0.8987403100775194,1.4477143435929307,39,0.1
0.8011143410852714,0.9544802815000165,39,0.2
0.998546511627907,5.48239536868479,40,0.001
0.9852228682170543,3.2301102010476086,40,0.01
0.9454941860465116,1.8828159841220684,40,0.05
0.8977713178294574,1.4309079325170253,40,0.1
0.7984496124031008,0.9644355573849697,40,0.2
0.998546511627907,5.526467710008058,41,0.001
0.9876453488372093,3.3518487521562603,41,0.01
0.9433139534883721,1.889228786891394,41,0.05
0.8963178294573644,1.406949943279564,41,0.1
0.8011143410852714,0.961595452260322,41,0.2
0.9992732558139535,6.566326322164912,42,0.001
0.9881298449612403,3.450657464950546,42,0.01
0.9498546511627907,1.9584296994609895,42,0.05
0.9055232558139535,1.463417106810695,42,0.1
0.8062015503875969,0.9770018214958671,42,0.2
0.999031007751938,5.647700736937019,43,0.001
0.9881298449612403,3.4078059262700067,43,0.01
0.9462209302325582,1.9656496797506438,43,0.05
0.8958333333333334,1.4384307994484795,43,0.1
0.8003875968992248,0.9726904348316556,43,0.2
0.9997577519379846,6.639030604328652,44,0.001
0.9893410852713178,3.6099306298365414,44,0.01
0.9534883720930233,2.0462869317716326,44,0.05
0.907218992248062,1.5140256026329424,44,0.1
0.8064437984496124,0.9889352917341636,44,0.2
0.9997577519379846,6.453807872930417,45,0.001
0.9886143410852714,3.610214009107886,45,0.01
0.9493701550387597,1.9561051260752595,45,0.05
0.8968023255813954,1.403828622992389,45,0.1
0.8122577519379846,0.9776962647690364,45,0.2
0.999031007751938,5.862096033238515,46,0.001
0.9898255813953488,3.648456953122097,46,0.01
0.9546996124031008,2.0192244820260963,46,0.05
0.9001937984496124,1.4411042641340626,46,0.1
0.7953003875968992,0.9462075483990906,46,0.2
0.999031007751938,5.973278854011214,47,0.001
0.9871608527131783,3.4682549965016785,47,0.01
0.9459786821705426,1.9405772833760069,47,0.05
0.9016472868217055,1.442236993903245,47,0.1
0.814437984496124,1.0018226917500432,47,0.2
0.9987887596899225,5.568720797862847,48,0.001
0.9849806201550387,3.251235397211125,48,0.01
0.9428294573643411,1.8452517181477077,48,0.05
0.8909883720930233,1.3712236467774135,48,0.1
0.8052325581395349,0.9710097866823502,48,0.2
0.998546511627907,5.234075185127208,49,0.001
0.9883720930232558,3.514688054574975,49,0.01
0.9549418604651163,2.0682371657307073,49,0.05
0.9026162790697675,1.4655381941349899,49,0.1
0.810562015503876,1.006013850191245,49,0.2
0.9992732558139535,5.962116057782726,50,0.001
0.9883720930232558,3.493929930979299,50,0.01
0.9481589147286822,1.9475500476506902,50,0.05
0.9006782945736435,1.428265783596121,50,0.1
0.8049903100775194,0.9700189591661831,50,0.2
0.9983042635658915,5.2520888388035445,51,0.001
0.9883720930232558,3.4259356023357146,51,0.01
0.9418604651162791,1.8476898787846319,51,0.05
0.8924418604651163,1.3729122790404928,51,0.1
0.7977228682170543,0.9518570568671181,51,0.2
0.9987887596899225,5.81482837622046,52,0.001
0.9888565891472868,3.5423481156884433,52,0.01
0.9515503875968992,1.9802666143865792,52,0.05
0.9004360465116279,1.434515436115646,52,0.1
0.8040213178294574,0.9656974714973803,52,0.2
0.9987887596899225,5.597408455048385,53,0.001
0.9849806201550387,3.2970282496940095,53,0.01
0.9530038759689923,2.0427788629501826,53,0.05
0.904312015503876,1.4643639620568958,53,0.1
0.8175872093023255,1.0060291617607862,53,0.2
0.9987887596899225,5.707118342844594,54,0.001
0.9890988372093024,3.461149838413491,54,0.01
0.9515503875968992,1.9920206192943581,54,0.05
0.8977713178294574,1.4027738569959172,54,0.1
0.8078972868217055,0.9665188755907899,54,0.2
0.999031007751938,5.867962234779828,55,0.001
0.9890988372093024,3.503023498549938,55,0.01
0.9469476744186046,1.9721386951197744,55,0.05
0.8900193798449613,1.3969662405483434,55,0.1
0.7991763565891473,0.9528639912124643,55,0.2
0.999515503875969,5.924834069801795,56,0.001
0.9881298449612403,3.463976384339098,56,0.01
0.9464631782945736,1.9673940562492718,56,0.05
0.8934108527131783,1.402854301342689,56,0.1
0.7969961240310077,0.9490785476976598,56,0.2
0.9997577519379846,5.892825988806993,57,0.001
0.9874031007751938,3.305632735746478,57,0.01
0.9442829457364341,1.8868877699612552,57,0.05
0.8866279069767442,1.3758316979516536,57,0.1
0.7933624031007752,0.9539231350689192,57,0.2
0.9992732558139535,5.808200526165345,58,0.001
0.9886143410852714,3.4995365928154163,58,0.01
0.9491279069767442,1.9780631008651466,58,0.05
0.8931686046511628,1.4158061288844692,58,0.1
0.8035368217054264,0.9859252931781537,58,0.2
0.9997577519379846,6.195504598343777,59,0.001
0.9871608527131783,3.3376727931929437,59,0.01
0.9484011627906976,1.9595196099607108,59,0.05
0.8997093023255814,1.4259500659755602,59,0.1
0.811046511627907,0.9852128314298594,59,0.2
0.9983042635658915,5.678202027103049,60,0.001
0.9881298449612403,3.4759780486790883,60,0.01
0.9488856589147286,1.9712798794962083,60,0.05
0.8982558139534884,1.4330535989190119,60,0.1
0.8093507751937985,0.9823253369870582,60,0.2
0.9987887596899225,5.775013178392261,61,0.001
0.9903100775193798,3.563976558472002,61,0.01
0.9532461240310077,2.0124899399409517,61,0.05
0.9011627906976745,1.4486808770698154,61,0.1
0.8066860465116279,0.9706298721318521,61,0.2
0.9997577519379846,6.6222089494148975,62,0.001
0.9895833333333334,3.600185062706486,62,0.01
0.9546996124031008,2.019518226281913,62,0.05
0.904312015503876,1.4522333964355978,62,0.1
0.8076550387596899,0.9624610074057056,62,0.2
0.999515503875969,6.064455494943347,63,0.001
0.9910368217054264,3.5771069971995564,63,0.01
0.9534883720930233,2.0367154758347685,63,0.05
0.908187984496124,1.511618334930322,63,0.1
0.8098352713178295,1.0145814100713508,63,0.2
0.998546511627907,5.6846351439462515,64,0.001
0.9905523255813954,3.6128762486963515,64,0.01
0.9510658914728682,1.9822709669311251,64,0.05
0.9021317829457365,1.4176327080624525,64,0.1
0.7996608527131783,0.9443259075898458,64,0.2
0.998546511627907,5.531535664373967,65,0.001
0.9864341085271318,3.370128645612345,65,0.01
0.9471899224806202,1.9139097028004115,65,0.05
0.8977713178294574,1.4430695542692344,65,0.1
0.7991763565891473,0.9656547846885504,65,0.2
0.999515503875969,5.983255255575136,66,0.001
0.9895833333333334,3.5109895914943037,66,0.01
0.9505813953488372,1.9545894472552374,66,0.05
0.8934108527131783,1.3952879608311535,66,0.1
0.7906976744186046,0.9455265151893674,66,0.2
0.998546511627907,5.5947279282797,67,0.001
0.9883720930232558,3.5809724576692403,67,0.01
0.9447674418604651,1.8724578329432322,67,0.05
0.905765503875969,1.4330095521660198,67,0.1
0.8076550387596899,0.9767565560501854,67,0.2
0.9992732558139535,5.68229503725763,68,0.001
0.9869186046511628,3.308999209312409,68,0.01
0.9450096899224806,1.9184152949948579,68,0.05
0.8946220930232558,1.414502302932768,68,0.1
0.8008720930232558,0.9864246139352773,68,0.2
0.9987887596899225,5.389174282145676,69,0.001
0.9874031007751938,3.284863217465408,69,0.01
0.9484011627906976,1.9310404855961207,69,0.05
0.8997093023255814,1.4087934504329558,69,0.1
0.8141957364341085,0.9754762019617331,69,0.2
0.998062015503876,5.362647246049036,70,0.001
0.9832848837209303,3.1361538644184006,70,0.01
0.9425872093023255,1.8442959511546098,70,0.05
0.8902616279069767,1.371318612707455,70,0.1
0.7967538759689923,0.9593423164020005,70,0.2
0.999515503875969,6.529715044978019,71,0.001
0.9866763565891473,3.304488657096398,71,0.01
0.9418604651162791,1.846086636336551,71,0.05
0.8912306201550387,1.370211472977898,71,0.1
0.7972383720930233,0.9525177812871378,71,0.2
0.998546511627907,5.8699996914371955,72,0.001
0.9878875968992248,3.444648636198371,72,0.01
0.9464631782945736,1.9033471786966882,72,0.05
0.8975290697674418,1.4137855953150034,72,0.1
0.809593023255814,0.9750519262099505,72,0.2
0.999515503875969,7.3272270686566685,73,0.001
0.9895833333333334,3.6222908162899135,73,0.01
0.9527616279069767,2.046352373836001,73,0.05
0.8992248062015504,1.4556798955147885,73,0.1
0.8098352713178295,1.0047153264573794,73,0.2
0.9983042635658915,5.400214203749499,74,0.001
0.9859496124031008,3.3185214810879042,74,0.01
0.9481589147286822,1.9269097056807512,74,0.05
0.8980135658914729,1.4163514090682032,74,0.1
0.8071705426356589,0.9784118835455651,74,0.2
0.9992732558139535,6.345136849355907,75,0.001
0.9878875968992248,3.4753023281226705,75,0.01
0.9517926356589147,1.9779408030983197,75,0.05
0.905765503875969,1.46069100508895,75,0.1
0.8141957364341085,0.9967305575999017,75,0.2
0.9992732558139535,6.08972488616296,76,0.001
0.9878875968992248,3.4987367547482457,76,0.01
0.9452519379844961,1.9057791401865385,76,0.05
0.8943798449612403,1.3864517916496761,76,0.1
0.8042635658914729,0.961325737219493,76,0.2
0.9987887596899225,5.932016985962169,77,0.001
0.9852228682170543,3.2302624284566335,77,0.01
0.9442829457364341,1.876648082082351,77,0.05
0.8997093023255814,1.4041586369339045,77,0.1
0.8023255813953488,0.9665026305802181,77,0.2
0.9992732558139535,6.199832105385397,78,0.001
0.9900678294573644,3.665269414728974,78,0.01
0.9515503875968992,1.9994583255984235,78,0.05
0.9035852713178295,1.4426933080236766,78,0.1
0.8108042635658915,0.9945410740651396,78,0.2
0.999515503875969,6.215692246778236,79,0.001
0.9893410852713178,3.619286512086957,79,0.01
0.9462209302325582,1.9001363852492656,79,0.05
0.8980135658914729,1.424330390623311,79,0.1
0.8018410852713178,0.9710417606287656,79,0.2
0.997577519379845,5.147052085505948,80,0.001
0.9847383720930233,3.2807023498998698,80,0.01
0.9493701550387597,1.9498276059840585,80,0.05
0.8997093023255814,1.4271302884704462,80,0.1
0.8042635658914729,0.9823658140617542,80,0.2
0.9997577519379846,6.302528934116932,81,0.001
0.9893410852713178,3.5366328598327383,81,0.01
0.9445251937984496,1.9211969158922173,81,0.05
0.8989825581395349,1.4088553384619287,81,0.1
0.8122577519379846,0.9797448873765084,81,0.2
0.9987887596899225,5.3115782784480645,82,0.001
0.9886143410852714,3.469797853188447,82,0.01
0.9464631782945736,1.8915485009985566,82,0.05
0.8992248062015504,1.4263702109999046,82,0.1
0.8054748062015504,0.9689982695040842,82,0.2
0.999515503875969,6.292019550199162,83,0.001
0.9869186046511628,3.414742868326071,83,0.01
0.9503391472868217,2.0119306156782892,83,0.05
0.9014050387596899,1.44642821696945,83,0.1
0.8035368217054264,0.9702486899108802,83,0.2
0.9987887596899225,5.506357398676409,84,0.001
0.9866763565891473,3.278898946626847,84,0.01
0.9467054263565892,1.903976158088422,84,0.05
0.9014050387596899,1.4568698138753127,84,0.1
0.8035368217054264,0.9652663183836623,84,0.2
0.9992732558139535,6.0572810387906495,85,0.001
0.9886143410852714,3.5167592737454,85,0.01
0.9520348837209303,1.9843546497572184,85,0.05
0.9006782945736435,1.4391585877771889,85,0.1
0.8076550387596899,0.964838435669274,85,0.2
0.999515503875969,6.183624067311724,86,0.001
0.9888565891472868,3.5088465285545993,86,0.01
0.9493701550387597,2.0102751179388902,86,0.05
0.8948643410852714,1.4321978750461724,86,0.1
0.7955426356589147,0.9571460190043677,86,0.2
0.9997577519379846,6.524867088026965,87,0.001
0.9847383720930233,3.176119748984604,87,0.01
0.9481589147286822,1.8977657213877885,87,0.05
0.8951065891472868,1.4091907131187524,87,0.1
0.8008720930232558,0.9564498479518443,87,0.2
0.9987887596899225,5.689367714028807,88,0.001
0.9869186046511628,3.345991028547468,88,0.01
0.9481589147286822,1.9720850809229842,88,0.05
0.9026162790697675,1.4674765508373246,88,0.1
0.8076550387596899,0.9881282735031722,88,0.2
0.999515503875969,6.153428981507803,89,0.001
0.9871608527131783,3.347389967747188,89,0.01
0.9498546511627907,1.9524716387724477,89,0.05
0.8975290697674418,1.406567452753144,89,0.1
0.8052325581395349,0.9650103844346174,89,0.2
0.999515503875969,5.904625104740921,90,0.001
0.9895833333333334,3.597764620192462,90,0.01
0.9491279069767442,1.9798480216201648,90,0.05
0.8972868217054264,1.4253502726944738,90,0.1
0.8001453488372093,0.9821615100348735,90,0.2
0.9997577519379846,6.655741212286118,91,0.001
0.9900678294573644,3.6428898140176136,91,0.01
0.9457364341085271,1.917210902590683,91,0.05
0.8943798449612403,1.3840018484969971,91,0.1
0.8037790697674418,0.9549716291489414,91,0.2
0.999031007751938,6.175057108108924,92,0.001
0.9874031007751938,3.3869923869373135,92,0.01
0.9413759689922481,1.8528988420483254,92,0.05
0.8951065891472868,1.3950492446702474,92,0.1
0.7960271317829457,0.936334708771211,92,0.2
0.9997577519379846,6.301955131537311,93,0.001
0.9888565891472868,3.473204906742261,93,0.01
0.9508236434108527,1.9215864252366508,93,0.05
0.8980135658914729,1.414388063373583,93,0.1
0.7974806201550387,0.9501555921810905,93,0.2
0.9992732558139535,6.028320320676844,94,0.001
0.9878875968992248,3.3275113971759698,94,0.01
0.9467054263565892,1.88317053711619,94,0.05
0.8907461240310077,1.379510133561115,94,0.1
0.7991763565891473,0.9652209464271471,94,0.2
0.9997577519379846,6.433068086044198,95,0.001
0.9881298449612403,3.5164601347790576,95,0.01
0.9505813953488372,2.0146034196029112,95,0.05
0.9050387596899225,1.4584575155271264,95,0.1
0.8074127906976745,0.979183323375091,95,0.2
0.9987887596899225,5.607243662730292,96,0.001
0.9844961240310077,3.1286886778844147,96,0.01
0.9479166666666666,1.924849854507468,96,0.05
0.9021317829457365,1.4284555610299834,96,0.1
0.8078972868217055,0.9939662412666542,96,0.2
0.9983042635658915,5.31717384161594,97,0.001
0.9859496124031008,3.341826889279351,97,0.01
0.9493701550387597,1.9636118568525838,97,0.05
0.8958333333333334,1.3908689949319002,97,0.1
0.7984496124031008,0.9594191347398383,97,0.2
0.998546511627907,5.892220023489132,98,0.001
0.9895833333333334,3.5085115318492095,98,0.01
0.9549418604651163,2.0450930122252973,98,0.05
0.909156976744186,1.501216220372679,98,0.1
0.8200096899224806,1.0118044009131113,98,0.2
0.999515503875969,6.570758870710895,99,0.001
0.9871608527131783,3.320585374170392,99,0.01
0.9527616279069767,1.9800647971867278,99,0.05
0.9006782945736435,1.4359194944910398,99,0.1
0.809593023255814,0.9912568365994261,99,0.2
0.999031007751938,6.093882569595285,100,0.001
0.9852228682170543,3.259568911064171,100,0.01
0.9452519379844961,1.9143259508064896,100,0.05
0.8953488372093024,1.3812009495561735,100,0.1
0.8047480620155039,0.9650359378019229,100,0.2
0.999031007751938,5.933782479111702,101,0.001
0.9888565891472868,3.579073508577147,101,0.01
0.9542151162790697,2.0446883666280278,101,0.05
0.904312015503876,1.4724413653677542,101,0.1
0.8122577519379846,0.9958082801870418,101,0.2
0.9987887596899225,5.927827840012116,102,0.001
0.9888565891472868,3.516161428936966,102,0.01
0.9442829457364341,1.8723816774095674,102,0.05
0.8931686046511628,1.385754424085608,102,0.1
0.8059593023255814,0.9831917179053428,102,0.2
0.998546511627907,5.429327336196465,103,0.001
0.9866763565891473,3.3916665150167393,103,0.01
0.9457364341085271,1.8662179832712802,103,0.05
0.8885658914728682,1.3822063537831113,103,0.1
0.7960271317829457,0.9597262080064084,103,0.2
0.999515503875969,6.402344834563025,104,0.001
0.9871608527131783,3.4448779883968133,104,0.01
0.9481589147286822,1.929732546161021,104,0.05
0.8980135658914729,1.3880765768304664,104,0.1
0.8054748062015504,0.9623843079193438,104,0.2
0.9992732558139535,6.138904214994048,105,0.001
0.9842538759689923,3.207586181427315,105,0.01
0.9464631782945736,1.9325412686326864,105,0.05
0.8984980620155039,1.4064818194894753,105,0.1
0.809593023255814,0.9882289196246457,105,0.2
0.999515503875969,6.452531356550921,106,0.001
0.9876453488372093,3.374572972287828,106,0.01
0.9471899224806202,1.876150388486877,106,0.05
0.8912306201550387,1.3551657515617848,106,0.1
0.7969961240310077,0.9504575596950673,106,0.2
0.998546511627907,5.621874257202748,107,0.001
0.9861918604651163,3.2528123017619213,107,0.01
0.9440406976744186,1.8969902994869379,107,0.05
0.8929263565891473,1.4124206488344373,107,0.1
0.7986918604651163,0.9672605444601922,107,0.2
0.998546511627907,5.513012519482217,108,0.001
0.9886143410852714,3.560801344017108,108,0.01
0.9498546511627907,1.9537217342133142,108,0.05
0.9001937984496124,1.4272590844496005,108,0.1
0.8011143410852714,0.9566266206161257,108,0.2
0.999515503875969,6.1910378857552875,109,0.001
0.9878875968992248,3.3948555085911134,109,0.01
0.9491279069767442,1.932005221125184,109,0.05
0.903343023255814,1.4379873530996534,109,0.1
0.8112887596899225,0.9746656457820837,109,0.2
0.9987887596899225,5.596310698754335,110,0.001
0.9881298449612403,3.48159429321072,110,0.01
0.9462209302325582,1.9737240898733333,110,0.05
0.8980135658914729,1.4371850390799212,110,0.1
0.7953003875968992,0.9666682637370133,110,0.2
0.9987887596899225,5.683611290841497,111,0.001
0.9888565891472868,3.46057401573209,111,0.01
0.9513081395348837,2.011337418441574,111,0.05
0.9045542635658915,1.4843475375102946,111,0.1
0.8032945736434108,0.9918084046123461,111,0.2
0.9997577519379846,5.976831823551647,112,0.001
0.9866763565891473,3.3375083524366644,112,0.01
0.9566375968992248,2.111152316025681,112,0.05
0.903827519379845,1.4676083540828166,112,0.1
0.8074127906976745,0.9749137370530891,112,0.2
0.998546511627907,5.514285702023457,113,0.001
0.9883720930232558,3.452423724442043,113,0.01
0.9513081395348837,2.0060368938885818,113,0.05
0.8953488372093024,1.4417384164762304,113,0.1
0.8047480620155039,0.9672856610540084,113,0.2
0.9992732558139535,5.871630973520806,114,0.001
0.9905523255813954,3.5701836432823333,114,0.01
0.9513081395348837,2.0200506105057805,114,0.05
0.9018895348837209,1.4574330539975662,114,0.1
0.812015503875969,1.0078864093718138,114,0.2
0.999515503875969,6.218712618477966,115,0.001
0.9881298449612403,3.3608843748685913,115,0.01
0.9503391472868217,1.971437364336985,115,0.05
0.8968023255813954,1.4161270208830374,115,0.1
0.8069282945736435,1.0070334143660582,115,0.2
0.9983042635658915,5.679876040293423,116,0.001
0.9852228682170543,3.2942596379262414,116,0.01
0.9442829457364341,1.9195530284885232,116,0.05
0.8994670542635659,1.4062389183219537,116,0.1
0.8125,0.9960622986717275,116,0.2
0.997577519379845,5.096476419584705,117,0.001
0.9878875968992248,3.4096601102296935,117,0.01
0.9452519379844961,1.9057513944695472,117,0.05
0.8934108527131783,1.3984409693149102,117,0.1
0.7991763565891473,0.9595027567168053,117,0.2
0.9987887596899225,5.759187260312231,118,0.001
0.9881298449612403,3.497939449520665,118,0.01
0.9464631782945736,1.8882330349921757,118,0.05
0.8960755813953488,1.379148490598734,118,0.1
0.8020833333333334,0.9371622586090904,118,0.2
0.998546511627907,5.729152541677605,119,0.001
0.9874031007751938,3.387162577280823,119,0.01
0.9498546511627907,1.9471808775592043,119,0.05
0.8982558139534884,1.397474961034555,119,0.1
0.8081395348837209,0.9739513339314139,119,0.2
0.9987887596899225,5.633958046790668,120,0.001
0.9857073643410853,3.272445326375893,120,0.01
0.9508236434108527,1.9826363072161228,120,0.05
0.9035852713178295,1.4486202128523231,120,0.1
0.8037790697674418,0.9699174132636426,120,0.2
0.999031007751938,6.116187352841502,121,0.001
0.9898255813953488,3.486644242562739,121,0.01
0.9527616279069767,1.9979138666067344,121,0.05
0.9026162790697675,1.4614951118132362,121,0.1
0.812015503875969,1.0017187887656864,121,0.2
0.9983042635658915,5.153767867399088,122,0.001
0.9871608527131783,3.356629341374947,122,0.01
0.9459786821705426,1.9247358829475165,122,0.05
0.906734496124031,1.4892322949150036,122,0.1
0.8195251937984496,1.019192079963195,122,0.2
0.999515503875969,6.303803127925595,123,0.001
0.9915213178294574,3.689990812444755,123,0.01
0.9522771317829457,1.9985311932147707,123,0.05
0.9096414728682171,1.4817337967757833,123,0.1
0.809593023255814,0.9686523209542437,123,0.2
0.998546511627907,5.600299776881587,124,0.001
0.9886143410852714,3.433972822786936,124,0.01
0.9481589147286822,1.9775510331572228,124,0.05
0.8955910852713178,1.4602359686551,124,0.1
0.7991763565891473,0.9843645671130261,124,0.2
0.999031007751938,6.143108372672259,125,0.001
0.9886143410852714,3.487143951952116,125,0.01
0.9546996124031008,2.027841027945417,125,0.05
0.9009205426356589,1.4320309935510025,125,0.1
0.8086240310077519,0.9741123707648556,125,0.2
0.9997577519379846,6.584238543692341,126,0.001
0.9934593023255814,3.9922464244474027,126,0.01
0.9542151162790697,2.0600276032191154,126,0.05
0.904312015503876,1.4620918929820754,126,0.1
0.8074127906976745,0.9895067255968358,126,0.2
0.9987887596899225,5.6920275393662365,127,0.001
0.9871608527131783,3.2871351978655805,127,0.01
0.9462209302325582,1.918145339751579,127,0.05
0.8980135658914729,1.4115441363302579,127,0.1
0.8020833333333334,0.9574309360179594,127,0.2
0.9987887596899225,5.678041671663492,128,0.001
0.9903100775193798,3.6135589887888666,128,0.01
0.9520348837209303,1.974785482578063,128,0.05
0.9004360465116279,1.4136726384865927,128,0.1
0.8003875968992248,0.9578123123766223,128,0.2
0.998062015503876,5.259348480651656,129,0.001
0.9864341085271318,3.293643209151133,129,0.01
0.9484011627906976,1.908470724876199,129,0.05
0.8982558139534884,1.420968349736456,129,0.1
0.8059593023255814,0.9794409230197441,129,0.2
0.999515503875969,5.980096076288974,130,0.001
0.9869186046511628,3.31822303474707,130,0.01
0.9491279069767442,1.94708238404834,130,0.05
0.9014050387596899,1.4453237959124992,130,0.1
0.8081395348837209,0.9868388551560874,130,0.2
0.9973352713178295,5.267717550359124,131,0.001
0.9886143410852714,3.424083806056091,131,0.01
0.9534883720930233,1.998664623331685,131,0.05
0.9011627906976745,1.4434141307439177,131,0.1
0.8093507751937985,0.9692585162701408,131,0.2
0.999031007751938,5.969690729206576,132,0.001
0.9886143410852714,3.5053552533236587,132,0.01
0.9517926356589147,1.9924243982418295,132,0.05
0.8948643410852714,1.4162147372854244,132,0.1
0.7965116279069767,0.9643989423292822,132,0.2
0.9997577519379846,6.456516508247898,133,0.001
0.9864341085271318,3.3367790307633425,133,0.01
0.9467054263565892,1.9124187309265432,133,0.05
0.9016472868217055,1.4401080030102982,133,0.1
0.8078972868217055,0.9797740173954388,133,0.2
0.9983042635658915,5.568002418131028,134,0.001
0.9912790697674418,3.6496584378060954,134,0.01
0.9537306201550387,2.0263220634319836,134,0.05
0.9040697674418605,1.4735151975806944,134,0.1
0.811531007751938,0.9837236618675083,134,0.2
0.9987887596899225,5.715035899679672,135,0.001
0.9883720930232558,3.5100255338265076,135,0.01
0.9546996124031008,2.0055195336235547,135,0.05
0.8984980620155039,1.4296860416768098,135,0.1
0.8057170542635659,0.9713376101599778,135,0.2
0.999031007751938,5.720795340977161,136,0.001
0.9895833333333334,3.5777809417420836,136,0.01
0.9450096899224806,1.9364615805836007,136,0.05
0.8989825581395349,1.4361157924291372,136,0.1
0.8098352713178295,0.9922716861753089,136,0.2
0.9997577519379846,6.357467979437274,137,0.001
0.9893410852713178,3.5966423651161974,137,0.01
0.9479166666666666,1.9231051819410412,137,0.05
0.8980135658914729,1.4307291232319699,137,0.1
0.8088662790697675,0.9892833344638828,137,0.2
0.999515503875969,6.137935733941674,138,0.001
0.9878875968992248,3.5077112054595103,138,0.01
0.9481589147286822,1.9272480963667442,138,0.05
0.8924418604651163,1.3761387981197757,138,0.1
0.8013565891472868,0.9806280506540199,138,0.2
0.999031007751938,6.046441081133993,139,0.001
0.9847383720930233,3.275488493251715,139,0.01
0.9454941860465116,1.9331371980007848,139,0.05
0.8963178294573644,1.4387463516584487,139,0.1
0.8054748062015504,0.9751989876404693,139,0.2
0.9997577519379846,6.520438928245069,140,0.001
0.9866763565891473,3.4044062135098687,140,0.01
0.9505813953488372,2.0376468864512,140,0.05
0.904312015503876,1.452365557869078,140,0.1
0.8049903100775194,0.9712555783592425,140,0.2
0.999515503875969,6.335223395577893,141,0.001
0.9866763565891473,3.3601982836863797,141,0.01
0.9498546511627907,1.9384592413033772,141,0.05
0.8943798449612403,1.3842078701233451,141,0.1
0.7943313953488372,0.9518180388397344,141,0.2
0.9997577519379846,6.960810293670776,142,0.001
0.9883720930232558,3.5572876797304516,142,0.01
0.9476744186046512,1.9239987393110605,142,0.05
0.903827519379845,1.4490902388612272,142,0.1
0.8001453488372093,0.9619852833688851,142,0.2
0.9983042635658915,5.6885969608815845,143,0.001
0.9883720930232558,3.4680940664493383,143,0.01
0.9496124031007752,1.9573331983149524,143,0.05
0.8951065891472868,1.416296536845715,143,0.1
0.7996608527131783,0.97098239418159,143,0.2
0.999031007751938,6.026392041368775,144,0.001
0.9893410852713178,3.5960659751752058,144,0.01
0.9508236434108527,1.9801128897715183,144,0.05
0.903827519379845,1.439224740471397,144,0.1
0.8062015503875969,0.9809536441857895,144,0.2
0.999031007751938,6.032625244019431,145,0.001
0.9866763565891473,3.405842855904872,145,0.01
0.9505813953488372,2.009840208870181,145,0.05
0.906734496124031,1.484478949406304,145,0.1
0.8122577519379846,0.9956065159876459,145,0.2
0.998062015503876,4.9670669596200305,146,0.001
0.9881298449612403,3.478459545064781,146,0.01
0.9454941860465116,1.8878782181385958,146,0.05
0.8987403100775194,1.421856556481521,146,0.1
0.8057170542635659,0.952882657113396,146,0.2
0.9997577519379846,6.274728469345829,147,0.001
0.9876453488372093,3.424674582670257,147,0.01
0.9508236434108527,1.9938849859525083,147,0.05
0.8980135658914729,1.4129098212705837,147,0.1
0.8006298449612403,0.9584476722267681,147,0.2
0.999515503875969,6.3760031074995,148,0.001
0.9910368217054264,3.7259652375007377,148,0.01
0.9517926356589147,2.022250445332883,148,0.05
0.9031007751937985,1.4411504544426599,148,0.1
0.8076550387596899,0.9727357168652588,148,0.2
0.9992732558139535,6.094681711772001,149,0.001
0.9874031007751938,3.414130383422605,149,0.01
0.9522771317829457,1.976015223384806,149,0.05
0.9023740310077519,1.4314029854032981,149,0.1
0.8037790697674418,0.9655207227672573,149,0.2
0.999031007751938,5.762385753912341,150,0.001
0.9857073643410853,3.3662608530947087,150,0.01
0.9484011627906976,1.961057834399484,150,0.05
0.8982558139534884,1.412600377987609,150,0.1
0.8066860465116279,0.9753090673535496,150,0.2
0.9992732558139535,6.35888181445743,151,0.001
0.9917635658914729,3.6321541050360775,151,0.01
0.9498546511627907,1.9362825145522033,151,0.05
0.8997093023255814,1.4175833101172548,151,0.1
0.8040213178294574,0.9645492715361955,151,0.2
0.999515503875969,6.345470531758862,152,0.001
0.9874031007751938,3.362153524000212,152,0.01
0.9491279069767442,1.9345862935704108,152,0.05
0.9018895348837209,1.4287076293212189,152,0.1
0.8088662790697675,0.9706795563770148,152,0.2
0.998546511627907,5.834356486306195,153,0.001
0.9881298449612403,3.563772812695129,153,0.01
0.9530038759689923,2.038807267755921,153,0.05
0.9018895348837209,1.444488539543273,153,0.1
0.8086240310077519,0.9820989135425219,153,0.2
0.999515503875969,6.094829378544768,154,0.001
0.9888565891472868,3.463280612019192,154,0.01
0.9496124031007752,1.987856643061268,154,0.05
0.8989825581395349,1.44774993208986,154,0.1
0.8054748062015504,0.9824148231780381,154,0.2
0.9997577519379846,6.321489450534738,155,0.001
0.9881298449612403,3.379759279385885,155,0.01
0.9433139534883721,1.899333680676769,155,0.05
0.8902616279069767,1.3725007920550523,155,0.1
0.8042635658914729,0.9667235155494467,155,0.2
0.998062015503876,5.716841255979272,156,0.001
0.9886143410852714,3.443557994359466,156,0.01
0.9554263565891473,2.040720116992923,156,0.05
0.8948643410852714,1.386816300101362,156,0.1
0.7974806201550387,0.9516992625000804,156,0.2
0.9978197674418605,5.5584472954454185,157,0.001
0.9886143410852714,3.4944936156544557,157,0.01
0.9556686046511628,2.065318475741485,157,0.05
0.9026162790697675,1.4468299208513673,157,0.1
0.8032945736434108,0.96749649183942,157,0.2
0.999031007751938,5.585011409683844,158,0.001
0.9859496124031008,3.3439309078231654,158,0.01
0.9484011627906976,1.952155253970663,158,0.05
0.8955910852713178,1.4075382436553383,158,0.1
0.8088662790697675,0.9973204429433781,158,0.2
0.999515503875969,6.233767776080719,159,0.001
0.9878875968992248,3.4004951809731585,159,0.01
0.9510658914728682,1.980829474218603,159,0.05
0.8951065891472868,1.4014806164116855,159,0.1
0.7943313953488372,0.9545851911298655,159,0.2
0.9987887596899225,5.593934872590423,160,0.001
0.9883720930232558,3.432050102456213,160,0.01
0.9471899224806202,1.955038301287587,160,0.05
0.9011627906976745,1.429707686780663,160,0.1
0.8083817829457365,0.9826661742645718,160,0.2
0.998546511627907,5.47734765534354,161,0.001
0.9876453488372093,3.45294150922765,161,0.01
0.9491279069767442,1.8915563441080958,161,0.05
0.8963178294573644,1.4006045389312352,161,0.1
0.8066860465116279,0.9632758919520663,161,0.2
0.998062015503876,5.489444793297401,162,0.001
0.9883720930232558,3.4656679199233196,162,0.01
0.9445251937984496,1.8924041642664515,162,0.05
0.8943798449612403,1.3891098545464473,162,0.1
0.7955426356589147,0.9389872141174571,162,0.2
0.9983042635658915,5.585693323741186,163,0.001
0.9866763565891473,3.2285436678518544,163,0.01
0.9442829457364341,1.9113953819086649,163,0.05
0.8980135658914729,1.403555115474733,163,0.1
0.8083817829457365,0.9835202500363006,163,0.2
0.998062015503876,5.239206698311142,164,0.001
0.9876453488372093,3.3858102936938788,164,0.01
0.9493701550387597,2.004262284879626,164,0.05
0.9021317829457365,1.451446310467865,164,0.1
0.8030523255813954,0.9820862191813375,164,0.2
0.999515503875969,5.799247384127403,165,0.001
0.9910368217054264,3.663738736961598,165,0.01
0.9496124031007752,1.9919463526562033,165,0.05
0.8975290697674418,1.4288477302177411,165,0.1
0.8190406976744186,1.0221967918822052,165,0.2
0.999515503875969,6.079223289503515,166,0.001
0.9854651162790697,3.3094133078113606,166,0.01
0.9474321705426356,1.8914211437007573,166,0.05
0.8975290697674418,1.4135545102076432,166,0.1
0.810077519379845,0.9761580910502659,166,0.2
0.9997577519379846,6.415750099139217,167,0.001
0.9910368217054264,3.800985155954862,167,0.01
0.9513081395348837,2.0483895119517106,167,0.05
0.9118217054263565,1.5141717183227794,167,0.1
0.8212209302325582,1.03756495171142,167,0.2
0.999031007751938,5.923537704796292,168,0.001
0.9903100775193798,3.6635763484471995,168,0.01
0.9505813953488372,2.0185066568015877,168,0.05
0.9006782945736435,1.4584918571687984,168,0.1
0.8064437984496124,0.9849206642352613,168,0.2
0.9987887596899225,5.853789375099378,169,0.001
0.9878875968992248,3.458222538798295,169,0.01
0.9488856589147286,1.9611293713359785,169,0.05
0.9014050387596899,1.444534345907401,169,0.1
0.8103197674418605,0.9765259483767448,169,0.2
0.999031007751938,5.9438711442501635,170,0.001
0.9857073643410853,3.30760144783949,170,0.01
0.9479166666666666,1.96242379196073,170,0.05
0.8977713178294574,1.4576007126464894,170,0.1
0.8054748062015504,0.9841571772682602,170,0.2
0.9987887596899225,5.917760492026858,171,0.001
0.9903100775193798,3.671710747803387,171,0.01
0.9508236434108527,1.9774612509248466,171,0.05
0.8999515503875969,1.441543292343964,171,0.1
0.8083817829457365,0.9792886944060861,171,0.2
0.998062015503876,5.401932207673781,172,0.001
0.9844961240310077,3.211734275916016,172,0.01
0.9471899224806202,1.9591255527839153,172,0.05
0.8982558139534884,1.4171745751171678,172,0.1
0.8030523255813954,0.9610982336871257,172,0.2
0.9992732558139535,5.952419114306448,173,0.001
0.9886143410852714,3.5178591446758514,173,0.01
0.9479166666666666,1.9526665107501018,173,0.05
0.8934108527131783,1.3799916244529284,173,0.1
0.8030523255813954,0.9574380461212849,173,0.2
0.998546511627907,5.508499681939114,174,0.001
0.9881298449612403,3.3827403156101847,174,0.01
0.9479166666666666,1.9217898277583596,174,0.05
0.9026162790697675,1.4428990993172248,174,0.1
0.7931201550387597,0.9544915539081718,174,0.2
0.9997577519379846,6.262571773972097,175,0.001
0.9869186046511628,3.343150751505834,175,0.01
0.9469476744186046,1.933547608345666,175,0.05
0.8999515503875969,1.4333443985593277,175,0.1
0.8003875968992248,0.9765120862516947,175,0.2
1.0,6.767786920118681,176,0.001
0.9937015503875969,3.92831154472816,176,0.01
0.9593023255813954,2.1240450176851224,176,0.05
0.9098837209302325,1.5106734084701718,176,0.1
0.8086240310077519,0.9921127625701378,176,0.2
0.9992732558139535,5.959573451450654,177,0.001
0.9859496124031008,3.3459832651464323,177,0.01
0.9500968992248062,2.016046639156669,177,0.05
0.8997093023255814,1.4422447314728188,177,0.1
0.8074127906976745,0.9854643166113259,177,0.2
0.999031007751938,5.870803897131967,178,0.001
0.9869186046511628,3.3913922415801268,178,0.01
0.9493701550387597,1.9918214978138096,178,0.05
0.8951065891472868,1.401971213072418,178,0.1
0.8069282945736435,0.9836381096317628,178,0.2
0.998546511627907,6.02336061098643,179,0.001
0.9898255813953488,3.6456141318430824,179,0.01
0.9481589147286822,1.943825407407032,179,0.05
0.9004360465116279,1.4319069367019295,179,0.1
0.8049903100775194,0.9752658487716115,179,0.2
0.999031007751938,5.423754395816685,180,0.001
0.9876453488372093,3.419715013125672,180,0.01
0.9508236434108527,1.985138714895065,180,0.05
0.9026162790697675,1.4716397081994221,180,0.1
0.8083817829457365,0.9950413902666461,180,0.2
0.998546511627907,6.0479704646788495,181,0.001
0.9903100775193798,3.566159128000237,181,0.01
0.9476744186046512,1.9296932290505984,181,0.05
0.8963178294573644,1.3967110429446323,181,0.1
0.7989341085271318,0.9371738987856038,181,0.2
0.998546511627907,5.734402059461445,182,0.001
0.9861918604651163,3.3915868285825796,182,0.01
0.9520348837209303,1.98676006087717,182,0.05
0.9050387596899225,1.473403226179603,182,0.1
0.8059593023255814,0.9778247996544676,182,0.2
0.998546511627907,5.1262410710684625,183,0.001
0.9881298449612403,3.4248129914155263,183,0.01
0.9447674418604651,1.874710280670218,183,0.05
0.8931686046511628,1.396877455196634,183,0.1
0.7967538759689923,0.9539270204312685,183,0.2
0.999515503875969,6.397039583718154,184,0.001
0.9888565891472868,3.5922252752938615,184,0.01
0.9437984496124031,1.8753636921873378,184,0.05
0.9040697674418605,1.4392224012936303,184,0.1
0.813953488372093,0.9997345168975191,184,0.2
0.9987887596899225,5.5109273662177305,185,0.001
0.9847383720930233,3.20725477267132,185,0.01
0.9503391472868217,1.9716014602489755,185,0.05
0.8965600775193798,1.4257625724986511,185,0.1
0.7999031007751938,0.9579091952890326,185,0.2
0.9987887596899225,5.730490783742117,186,0.001
0.9886143410852714,3.4613115512021073,186,0.01
0.9486434108527132,1.9448526436432647,186,0.05
0.8982558139534884,1.42885877149084,186,0.1
0.8098352713178295,0.9819145812509436,186,0.2
0.9992732558139535,6.086502277815526,187,0.001
0.9878875968992248,3.4691147465563,187,0.01
0.9445251937984496,1.869822520121705,187,0.05
0.8955910852713178,1.389625448559916,187,0.1
0.8062015503875969,0.9620413752115575,187,0.2
0.9997577519379846,6.414417589667077,188,0.001
0.9881298449612403,3.5076178815443058,188,0.01
0.9462209302325582,1.9080508750596428,188,0.05
0.8972868217054264,1.4059903516011156,188,0.1
0.8076550387596899,0.9751529567916575,188,0.2
0.9987887596899225,6.077484745867228,189,0.001
0.9888565891472868,3.5876960431286875,189,0.01
0.9530038759689923,2.025862028303208,189,0.05
0.9098837209302325,1.5133999119230026,189,0.1
0.8248546511627907,1.0413826572638247,189,0.2
0.9997577519379846,6.475730988362215,190,0.001
0.9893410852713178,3.5030194754324526,190,0.01
0.9486434108527132,1.9627900318902436,190,0.05
0.9023740310077519,1.4155897819118763,190,0.1
0.7996608527131783,0.9644854361936004,190,0.2
0.997093023255814,5.027536733267268,191,0.001
0.9893410852713178,3.5402058043058435,191,0.01
0.9450096899224806,1.8655180473546138,191,0.05
0.8982558139534884,1.3991169440908036,191,0.1
0.8064437984496124,0.9642412224284468,191,0.2
0.999515503875969,6.325082809283379,192,0.001
0.9898255813953488,3.5750963803070315,192,0.01
0.9435562015503876,1.8581343315718613,192,0.05
0.8960755813953488,1.389704135024783,192,0.1
0.7986918604651163,0.9581973390917913,192,0.2
0.9987887596899225,6.130338149023727,193,0.001
0.9895833333333334,3.6343887915762285,193,0.01
0.9508236434108527,2.00037351026338,193,0.05
0.9014050387596899,1.43138060991284,193,0.1
0.8071705426356589,0.9621124620268289,193,0.2
0.999515503875969,6.141161782097106,194,0.001
0.9871608527131783,3.3507265021447075,194,0.01
0.9484011627906976,2.0188399355309063,194,0.05
0.9001937984496124,1.4476909899697712,194,0.1
0.8052325581395349,0.989352789541577,194,0.2
0.999515503875969,6.069509755464452,195,0.001
0.9895833333333334,3.4890292833285623,195,0.01
0.9486434108527132,2.00603692856069,195,0.05
0.9011627906976745,1.47961295319514,195,0.1
0.8049903100775194,0.9845035986458637,195,0.2
0.998546511627907,5.621559439559978,196,0.001
0.9886143410852714,3.429982620084324,196,0.01
0.9481589147286822,1.9486024887567046,196,0.05
0.8999515503875969,1.4354554405095272,196,0.1
0.8059593023255814,0.9804505726975177,196,0.2
0.9983042635658915,5.388364684068572,197,0.001
0.9876453488372093,3.229381818996755,197,0.01
0.9471899224806202,1.878067161390314,197,0.05
0.9011627906976745,1.4167251444641864,197,0.1
0.810562015503876,0.9736885292405058,197,0.2
0.999031007751938,5.885118388509324,198,0.001
0.9881298449612403,3.442877593600017,198,0.01
0.9513081395348837,1.9462373498781291,198,0.05
0.8953488372093024,1.3938563584302734,198,0.1
0.7967538759689923,0.9480539633210688,198,0.2
0.998546511627907,5.8373818043609145,199,0.001
0.9864341085271318,3.333258594672292,199,0.01
0.9498546511627907,1.9612212318644706,199,0.05
0.8968023255813954,1.432348448630997,199,0.1
0.8062015503875969,0.9752869658224294,199,0.2
