participant_id,duration,first_click,last_click,page_submit,click_count,gender,age,condition,training_house_value,training_certainty_level,training_first_click,training_last_click,training_page_submit,training_click_count,artemisstreet_house_value,artemisstreet_certainty_level,artemisstreet_first_click,artemisstreet_last_click,artemisstreet_page_submit,artemisstreet_click_count,aphroditestreet_house_value,aphroditestreet_certainty_level,aphroditestreet_first_click,aphroditestreet_last_click,aphroditestreet_page_submit,aphroditestreet_click_count,apollostreet_house_value,apollostreet_certainty_level,apollostreet_first_click,apollostreet_last_click,apollostreet_page_submit,apollostreet_click_count,athenastreet_house_value,athenastreet_certainty_level,athenastreet_first_click,athenastreet_last_click,athenastreet_page_submit,athenastreet_click_count,poseidonstreet_house_value,poseidonstreet_certainty_level,poseidonstreet_first_click,poseidonstreet_last_click,poseidonstreet_page_submit,poseidonstreet_click_count,aresstreet_house_value,aresstreet_certainty_level,aresstreet_first_click,aresstreet_last_click,aresstreet_page_submit,aresstreet_click_count,zeusstreet_house_value,zeusstreet_certainty_level,zeusstreet_first_click,zeusstreet_last_click,zeusstreet_page_submit,zeusstreet_click_count,hephaestusstreet_house_value,hephaestusstreet_certainty_level,hephaestusstreet_first_click,hephaestusstreet_last_click,hephaestusstreet_page_submit,hephaestusstreet_click_count,hestiastreet_house_value,hestiastreet_certainty_level,hestiastreet_first_click,hestiastreet_last_click,hestiastreet_page_submit,hestiastreet_click_count,decision_making,trust_in_ai_pred,ai_support,overall_ai_usefulness
participant_1,423,,,,,Female,20.0,Error bars,500,2,44.733,50.082,50.099,5.0,150,2,32.653,36.303,36.31,4.0,150.0,2,26.645,29.404,29.417,3.0,400.0,2,6.388,10.532,10.545,4.0,450.0,2.0,26.745,34.555,34.566,6.0,500.0,2,7.993,23.83,23.849,5.0,500.0,2,6.339,10.67,10.684,5.0,200.0,2,18.361,31.717,31.736,5.0,150.0,2,7.316,11.872,11.877,5.0,400.0,2,9.388,17.35,17.36,3.0,Mostly based on my own judgement ( ≤ 1 out of 9 cases),3.0,4.0,4.0
participant_2,669,,,,,Male,27.0,Confidence bands,450,4,172.034,181.892,181.902,3.0,100,3,36.266,38.889,38.895,3.0,200.0,3,20.849,30.128,30.145,3.0,400.0,3,28.171,39.336,39.344,6.0,250.0,3.0,55.187,59.016,59.033,3.0,350.0,4,28.026,30.642,30.653,4.0,500.0,4,30.116,34.068,34.077,3.0,200.0,3,18.208,33.841,33.851,4.0,150.0,3,66.909,69.847,69.851,3.0,350.0,2,13.663,23.82,23.826,3.0,Somewhat based on the AI's prediction (6-7 out of 9 cases),4.0,4.0,5.0
participant_3,310,83.204,85.807,85.81,3.0,Prefer not to say,,No AI,450,3,,,,,100,3,64.592,66.604,66.613,3.0,250.0,3,28.655,30.582,30.584,3.0,450.0,3,5.417,8.271,8.279,4.0,500.0,3.0,6.58,9.632,9.635,4.0,500.0,3,8.058,10.323,10.325,3.0,500.0,3,25.892,33.388,33.397,3.0,400.0,3,8.608,11.719,11.721,4.0,150.0,3,14.876,18.062,18.065,3.0,500.0,3,7.991,11.627,11.629,4.0,,,,
participant_4,726,,,,,Male,22.0,Confidence bands,450,4,11.341,193.984,193.989,8.0,100,5,12.036,17.437,17.444,4.0,250.0,2,58.361,60.483,60.493,3.0,400.0,4,41.909,46.253,46.264,5.0,150.0,3.0,30.74,38.987,38.994,4.0,300.0,4,38.428,49.879,49.882,5.0,400.0,4,30.272,31.76,31.764,3.0,150.0,5,133.455,142.555,142.562,3.0,100.0,5,20.404,22.293,22.301,3.0,250.0,2,21.902,27.148,27.158,4.0,Balanced mix of AI and my own judgement (4-5 out of 9 cases),3.0,5.0,4.0
participant_5,499,,,,,Male,25.0,Error bars,650,3,68.285,145.619,145.622,26.0,100,4,10.775,12.983,12.984,3.0,200.0,2,11.361,13.56,13.565,3.0,400.0,3,13.674,14.714,14.721,3.0,300.0,1.0,10.103,13.307,13.311,4.0,350.0,3,34.849,37.304,37.31,3.0,550.0,4,11.692,13.803,13.805,3.0,250.0,2,25.891,45.795,45.797,5.0,100.0,3,17.448,20.277,20.279,5.0,400.0,2,28.909,30.111,30.117,3.0,Balanced mix of AI and my own judgement (4-5 out of 9 cases),3.0,5.0,4.0
participant_6,681,,,,,Female,21.0,Error bars,450,3,46.768,177.534,177.537,19.0,350,4,12.692,19.907,19.91,5.0,350.0,3,9.943,16.126,16.128,6.0,450.0,4,7.843,38.892,38.896,9.0,500.0,4.0,24.653,28.186,28.19,4.0,350.0,3,34.774,118.441,118.445,17.0,450.0,2,35.893,47.51,47.511,5.0,450.0,3,8.041,44.89,44.894,5.0,200.0,4,6.787,21.303,21.306,9.0,350.0,2,25.64,86.457,86.461,14.0,Somewhat based on the AI's prediction (6-7 out of 9 cases),4.0,3.0,4.0
participant_7,277,,,,,Male,21.0,Error bars,450,4,39.043,63.059,63.063,8.0,100,4,4.429,7.348,7.351,5.0,150.0,3,5.408,8.476,8.48,6.0,450.0,4,15.628,23.762,23.766,6.0,450.0,4.0,15.35,17.986,18.004,5.0,300.0,3,7.594,33.941,33.947,12.0,400.0,4,10.491,14.092,14.095,7.0,250.0,3,11.356,13.44,13.444,4.0,100.0,4,8.524,10.192,10.196,3.0,500.0,5,19.644,22.778,22.782,6.0,Somewhat based on the AI's prediction (6-7 out of 9 cases),4.0,4.0,4.0
participant_8,376,71.779,79.09,79.103,3.0,Male,23.0,No AI,500,4,,,,,200,4,85.591,163.163,163.174,6.0,300.0,4,12.426,14.652,14.668,4.0,500.0,4,14.913,18.804,18.807,5.0,500.0,4.0,7.79,10.517,10.532,4.0,500.0,4,3.537,4.961,4.977,3.0,500.0,4,23.493,25.891,25.9,3.0,250.0,4,8.696,12.232,12.238,3.0,250.0,4,6.849,9.054,9.056,4.0,500.0,4,3.975,7.18,7.187,4.0,,,,
participant_9,1399,,,,,Male,21.0,Confidence bands,600,4,635.245,641.324,641.34,9.0,400,3,1.539,3.813,3.817,5.0,400.0,3,1.688,3.289,3.306,4.0,400.0,3,1.534,2.609,2.622,3.0,350.0,3.0,4.107,5.409,5.425,3.0,300.0,4,2.222,4.891,4.893,4.0,500.0,3,6.569,14.812,14.824,7.0,450.0,3,3.244,11.541,11.558,5.0,350.0,3,2.759,4.194,4.199,3.0,500.0,4,2.379,4.165,4.175,4.0,Balanced mix of AI and my own judgement (4-5 out of 9 cases),3.0,3.0,3.0
participant_10,114,37.994,44.702,44.717,3.0,Male,,No AI,600,3,,,,,350,3,1.321,2.219,2.236,3.0,300.0,1,1.543,3.589,3.598,5.0,800.0,5,1.347,2.493,2.498,3.0,700.0,4.0,1.29,2.693,2.707,3.0,600.0,4,1.168,2.982,2.994,5.0,300.0,2,1.529,2.572,2.575,3.0,550.0,4,1.243,2.609,2.617,4.0,500.0,3,1.395,2.632,2.642,4.0,450.0,3,1.905,3.06,3.064,3.0,,,,
participant_11,681,,,,,Female,,Confidence bands,500,1,66.931,192.495,192.512,14.0,100,2,6.437,150.581,150.592,10.0,200.0,1,41.294,75.544,75.562,6.0,400.0,2,2.034,16.959,16.974,6.0,450.0,2.0,10.633,28.436,28.441,6.0,450.0,2,9.248,30.312,30.328,6.0,400.0,2,15.795,22.4,22.404,6.0,200.0,2,8.29,34.724,34.741,7.0,150.0,2,9.159,24.415,24.433,7.0,500.0,2,2.802,28.296,28.311,5.0,Mostly based on my own judgement ( ≤ 1 out of 9 cases),1.0,2.0,3.0
participant_12,489,,,,,Male,21.0,Error bars,450,4,122.013,151.862,151.865,11.0,200,3,13.266,17.099,17.103,3.0,200.0,3,15.288,18.271,18.274,4.0,600.0,4,11.192,14.009,14.013,3.0,150.0,4.0,16.032,21.415,21.418,4.0,100.0,3,9.991,14.008,14.012,3.0,450.0,4,7.135,11.352,11.355,6.0,250.0,4,12.637,16.438,16.442,4.0,100.0,4,0.035,22.003,22.007,5.0,250.0,4,55.235,76.101,76.106,13.0,Somewhat based on the AI's prediction (6-7 out of 9 cases),3.0,4.0,3.0
participant_13,335,,,,,Male,20.0,Confidence bands,400,2,137.352,181.09,181.104,5.0,100,4,6.17,8.62,8.63,3.0,100.0,3,2.414,7.415,7.423,6.0,350.0,4,22.683,25.033,25.042,3.0,200.0,5.0,16.596,22.53,22.538,7.0,300.0,5,4.836,11.953,11.962,6.0,400.0,5,5.357,10.092,10.1,6.0,150.0,5,4.1,6.617,6.625,4.0,100.0,5,0.628,11.846,11.854,6.0,350.0,4,9.548,15.317,15.325,6.0,Mostly based on the AI's prediction ( ≥ 8 out of 9 cases),4.0,4.0,5.0
participant_14,376,,,,,Female,24.0,Error bars,450,3,50.95,114.73,114.737,5.0,100,3,9.748,13.695,13.7,6.0,50.0,4,8.897,19.816,19.821,6.0,350.0,3,34.929,47.028,47.033,3.0,350.0,2.0,7.915,28.884,28.89,5.0,300.0,3,15.681,17.665,17.669,3.0,450.0,4,5.468,17.055,17.06,6.0,150.0,3,25.584,34.237,34.242,3.0,100.0,3,5.123,8.512,8.517,4.0,350.0,3,21.968,41.001,41.007,3.0,Somewhat based on the AI's prediction (6-7 out of 9 cases),3.0,4.0,4.0
participant_15,356,,,,,Male,43.0,Confidence bands,400,4,83.988,101.612,101.619,3.0,100,4,4.457,9.418,9.432,3.0,100.0,4,20.969,23.728,23.735,3.0,350.0,4,10.94,14.156,14.168,3.0,200.0,4.0,7.783,9.751,9.767,3.0,300.0,4,10.278,18.182,18.189,3.0,400.0,4,37.975,43.247,43.262,3.0,150.0,4,8.199,10.719,10.736,3.0,100.0,4,7.046,10.461,10.477,3.0,300.0,4,23.087,28.055,28.069,3.0,Mostly based on the AI's prediction ( ≥ 8 out of 9 cases),5.0,1.0,4.0
participant_16,422,118.372,148.576,148.594,4.0,Male,51.0,No AI,450,1,,,,,100,4,15.996,19.955,19.973,3.0,350.0,3,13.492,19.325,19.343,5.0,300.0,3,16.822,20.445,20.463,3.0,400.0,4.0,14.929,18.436,18.455,4.0,450.0,4,8.732,13.095,13.111,4.0,500.0,5,31.9,42.673,42.692,4.0,200.0,4,20.296,23.889,23.906,3.0,150.0,4,9.22,13.363,13.38,3.0,450.0,4,10.854,16.095,16.113,6.0,,,,
participant_17,561,,,,,Female,19.0,Confidence bands,500,4,130.333,178.379,178.386,10.0,150,4,23.094,30.775,30.779,4.0,100.0,4,34.227,41.123,41.137,3.0,400.0,4,39.13,42.563,42.566,3.0,300.0,3.0,8.673,11.312,11.315,3.0,450.0,4,23.818,29.642,29.645,5.0,500.0,3,10.74,13.434,13.439,3.0,250.0,3,44.393,50.483,50.486,5.0,200.0,3,22.419,27.356,27.361,3.0,450.0,4,16.798,24.694,24.697,6.0,Balanced mix of AI and my own judgement (4-5 out of 9 cases),3.0,4.0,3.0
participant_18,594,,,,,Male,18.0,Error bars,500,3,94.977,135.138,135.141,4.0,100,5,20.253,35.602,35.603,7.0,100.0,4,14.394,16.582,16.589,3.0,400.0,4,36.145,39.089,39.098,4.0,300.0,2.0,50.005,59.357,59.366,5.0,400.0,3,29.245,34.581,34.594,4.0,450.0,3,22.637,26.385,26.4,3.0,150.0,3,15.561,19.953,19.958,4.0,100.0,4,57.676,62.669,62.675,3.0,350.0,4,30.051,42.115,42.126,8.0,Balanced mix of AI and my own judgement (4-5 out of 9 cases),3.0,4.0,4.0
participant_19,307,,,,,Male,29.0,Confidence bands,500,4,16.747,145.835,145.848,6.0,100,5,5.535,9.473,9.485,5.0,100.0,5,5.969,7.303,7.31,4.0,350.0,5,4.489,6.072,6.08,3.0,200.0,5.0,6.593,8.786,8.794,3.0,300.0,4,35.688,41.888,41.896,4.0,350.0,5,23.821,26.283,26.292,3.0,150.0,5,3.606,5.235,5.244,3.0,100.0,5,3.342,6.118,6.138,4.0,350.0,5,4.323,9.703,9.716,5.0,Somewhat based on the AI's prediction (6-7 out of 9 cases),4.0,1.0,5.0
participant_20,874,155.879,256.181,256.184,6.0,Male,18.0,No AI,350,2,,,,,100,4,28.251,32.197,32.201,3.0,300.0,1,26.028,151.677,151.679,5.0,350.0,3,23.271,27.627,27.63,5.0,200.0,3.0,29.14,33.569,33.571,3.0,400.0,3,50.502,60.388,60.389,5.0,400.0,3,47.998,71.253,71.255,6.0,100.0,2,35.367,37.84,37.843,3.0,100.0,2,27.122,29.795,29.801,3.0,400.0,3,16.76,21.682,21.689,3.0,,,,
participant_21,509,,,,,Female,23.0,Confidence bands,500,2,100.341,112.454,112.466,3.0,100,4,10.829,13.613,13.624,3.0,200.0,2,82.133,101.274,101.28,4.0,400.0,2,53.816,57.249,57.263,4.0,450.0,2.0,32.161,35.211,35.22,4.0,350.0,2,29.675,32.359,32.368,4.0,450.0,2,17.335,19.8,19.808,3.0,200.0,2,10.833,13.699,13.709,4.0,150.0,2,16.441,18.508,18.517,3.0,400.0,2,11.096,15.313,15.321,4.0,Somewhat based on my own judgement (2-3 out of 9 cases),3.0,2.0,2.0
participant_22,888,,,,,Female,22.0,Error bars,400,4,286.779,330.603,330.61,12.0,150,3,39.393,45.656,45.662,4.0,150.0,4,105.347,115.487,115.492,6.0,350.0,4,16.061,24.945,24.969,4.0,200.0,4.0,13.015,28.348,28.364,3.0,350.0,4,73.047,96.31,96.337,8.0,400.0,4,28.419,43.562,43.581,5.0,100.0,4,12.736,16.937,16.942,4.0,100.0,4,25.67,31.04,31.053,4.0,300.0,3,63.625,70.897,70.912,4.0,Balanced mix of AI and my own judgement (4-5 out of 9 cases),4.0,3.0,5.0
participant_23,79,8.646,11.587,11.601,4.0,Male,21.0,No AI,400,3,,,,,150,3,3.133,5.522,5.542,4.0,250.0,3,2.845,5.957,5.962,4.0,450.0,3,5.216,7.242,7.26,4.0,450.0,3.0,1.49,7.083,7.094,6.0,400.0,4,2.641,5.179,5.194,5.0,500.0,4,4.226,6.961,6.989,4.0,250.0,3,3.657,5.569,5.58,3.0,150.0,3,2.718,6.179,6.198,5.0,400.0,3,2.481,4.954,4.977,5.0,,,,
participant_24,563,,,,,Male,18.0,Error bars,400,3,66.292,99.114,99.13,10.0,100,4,2.767,7.035,7.04,4.0,350.0,4,7.512,9.729,9.74,3.0,250.0,4,4.808,8.94,8.944,7.0,300.0,4.0,2.424,13.744,13.752,4.0,250.0,3,24.444,34.489,34.5,5.0,400.0,4,2.86,6.643,6.65,5.0,150.0,4,13.035,26.585,26.595,5.0,100.0,4,3.382,6.554,6.564,4.0,100.0,4,4.791,8.228,8.24,6.0,Balanced mix of AI and my own judgement (4-5 out of 9 cases),3.0,4.0,4.0
participant_25,83,,,,,Male,23.0,Confidence bands,500,2,5.51,11.977,11.983,3.0,150,2,1.883,4.166,4.173,4.0,150.0,2,1.864,3.264,3.27,3.0,150.0,2,1.961,3.527,3.533,3.0,350.0,1.0,2.022,3.572,3.577,3.0,350.0,3,1.798,3.981,3.987,4.0,500.0,2,3.008,4.491,4.497,3.0,300.0,2,3.713,4.813,4.818,3.0,300.0,3,2.501,3.601,3.606,3.0,200.0,3,2.1,4.434,4.44,4.0,Somewhat based on the AI's prediction (6-7 out of 9 cases),3.0,2.0,3.0
participant_26,388,68.966,141.306,141.33,3.0,Male,23.0,No AI,700,2,,,,,100,4,6.779,27.06,27.072,4.0,250.0,3,6.724,11.747,11.759,4.0,700.0,2,43.925,45.135,45.148,2.0,650.0,2.0,6.829,30.674,30.688,3.0,750.0,2,7.562,12.001,12.025,4.0,800.0,4,6.861,7.797,7.821,2.0,300.0,3,23.427,26.016,26.029,3.0,500.0,3,13.996,14.93,14.951,2.0,500.0,4,9.65,19.457,19.469,3.0,,,,
participant_27,574,428.731,437.379,437.381,3.0,Female,18.0,No AI,500,4,,,,,100,3,11.273,17.146,17.15,5.0,200.0,3,26.705,41.697,41.703,3.0,500.0,3,6.909,10.882,10.893,6.0,500.0,2.0,3.264,6.153,6.171,5.0,500.0,3,5.079,9.621,9.634,7.0,500.0,3,3.603,8.525,8.529,8.0,150.0,3,7.343,10.78,10.784,3.0,150.0,2,4.299,6.67,6.675,3.0,500.0,3,4.78,8.609,8.616,8.0,,,,
participant_28,680,,,,,Female,34.0,Error bars,500,3,213.129,221.147,221.154,5.0,150,4,5.647,11.184,11.192,4.0,100.0,3,10.521,15.208,15.216,3.0,450.0,4,21.497,24.832,24.846,3.0,400.0,3.0,7.764,16.196,16.209,4.0,400.0,4,109.882,116.809,116.815,6.0,550.0,4,5.415,19.936,19.943,4.0,200.0,3,6.158,28.891,28.905,4.0,150.0,2,17.277,20.113,20.12,3.0,350.0,3,11.05,17.171,17.19,3.0,Somewhat based on the AI's prediction (6-7 out of 9 cases),4.0,4.0,4.0
participant_29,343,,,,,Prefer not to say,32.0,Confidence bands,500,5,50.972,54.117,54.121,3.0,100,5,5.883,14.172,14.18,5.0,300.0,4,17.728,19.055,19.063,3.0,350.0,4,7.077,14.245,14.257,3.0,500.0,4.0,17.892,30.621,30.623,4.0,300.0,4,9.271,13.062,13.066,5.0,400.0,4,10.942,14.231,14.237,4.0,250.0,5,13.393,28.458,28.461,12.0,200.0,5,19.002,42.651,42.654,4.0,350.0,4,16.104,20.584,20.591,6.0,Somewhat based on the AI's prediction (6-7 out of 9 cases),3.0,4.0,5.0
participant_30,1232,87.318,215.447,215.455,18.0,Female,31.0,No AI,650,4,,,,,200,3,11.592,28.209,28.211,9.0,300.0,3,154.576,222.352,222.354,9.0,450.0,3,20.214,23.305,23.313,4.0,150.0,3.0,6.633,9.926,9.929,4.0,250.0,3,84.244,87.009,87.012,3.0,450.0,3,21.678,54.174,54.178,4.0,450.0,3,49.489,57.295,57.297,5.0,250.0,3,16.01,18.528,18.537,3.0,350.0,3,18.19,22.019,22.027,5.0,,,,
participant_31,199,26.296,56.43,56.44,5.0,Male,24.0,No AI,650,3,,,,,450,3,9.66,11.624,11.632,3.0,650.0,3,8.423,10.172,10.18,3.0,550.0,3,23.197,25.577,25.586,3.0,500.0,3.0,5.132,7.828,7.835,4.0,800.0,5,5.242,7.024,7.034,3.0,500.0,3,17.252,19.734,19.743,3.0,800.0,3,8.813,11.077,11.086,4.0,600.0,3,14.089,15.589,15.598,3.0,800.0,4,6.822,10.761,10.769,4.0,,,,
participant_32,717,,,,,Male,22.0,Error bars,500,3,84.573,107.477,107.49,4.0,200,4,2.382,4.669,4.676,5.0,400.0,4,4.168,8.19,8.199,5.0,700.0,4,3.643,5.529,5.536,3.0,750.0,3.0,5.515,8.652,8.66,7.0,650.0,3,9.015,12.118,12.127,4.0,800.0,5,2.902,4.471,4.479,4.0,200.0,3,4.27,6.089,6.098,3.0,250.0,3,9.064,10.598,10.606,3.0,700.0,5,3.498,4.532,4.544,3.0,Balanced mix of AI and my own judgement (4-5 out of 9 cases),4.0,4.0,3.0
participant_33,155,,,,,Male,22.0,Confidence bands,350,1,44.422,50.559,50.561,5.0,100,1,8.737,15.224,15.228,5.0,600.0,1,2.529,4.954,4.956,4.0,400.0,1,2.7,4.759,4.761,3.0,500.0,1.0,2.576,4.664,4.667,3.0,600.0,1,1.828,4.374,4.376,4.0,650.0,1,2.668,4.469,4.472,3.0,550.0,1,2.171,3.993,3.995,4.0,600.0,1,2.225,3.666,3.668,3.0,400.0,1,3.092,4.624,4.626,4.0,Balanced mix of AI and my own judgement (4-5 out of 9 cases),3.0,3.0,2.0
participant_34,422,3.601,16.242,16.259,3.0,Male,22.0,No AI,350,2,,,,,500,2,3.325,9.664,9.68,3.0,300.0,4,4.546,11.76,11.779,6.0,250.0,3,4.003,22.637,22.655,4.0,650.0,2.0,3.22,11.326,11.344,3.0,250.0,2,6.541,21.513,21.531,3.0,800.0,3,14.141,17.629,17.648,3.0,500.0,1,3.207,8.565,8.583,5.0,150.0,2,4.753,8.859,8.877,4.0,650.0,1,6.468,9.542,9.56,3.0,,,,
participant_35,722,,,,,Female,23.0,Confidence bands,200,1,5.097,134.952,134.963,36.0,100,1,14.008,23.83,23.841,7.0,100.0,1,13.496,18.171,18.185,3.0,100.0,1,19.4,20.866,20.879,3.0,100.0,1.0,31.18,117.135,117.148,13.0,150.0,1,9.002,14.167,14.183,4.0,350.0,1,12.171,23.026,23.041,6.0,200.0,1,30.498,75.415,75.427,6.0,100.0,1,12.034,15.282,15.298,4.0,200.0,1,5.324,7.899,7.919,4.0,Balanced mix of AI and my own judgement (4-5 out of 9 cases),3.0,2.0,3.0
participant_36,554,102.667,172.738,172.747,5.0,Female,45.0,No AI,500,5,,,,,100,4,157.596,161.049,161.058,3.0,300.0,4,3.465,16.531,16.54,5.0,450.0,5,5.504,12.08,12.09,4.0,500.0,3.0,5.507,8.46,8.468,4.0,400.0,3,14.258,20.327,20.337,4.0,600.0,4,7.904,9.651,9.659,3.0,250.0,3,10.569,12.737,12.746,3.0,200.0,4,46.688,63.197,63.207,7.0,500.0,5,31.59,37.615,37.625,5.0,,,,
participant_37,2594,,,,,Female,45.0,Error bars,550,3,38.514,669.674,669.688,4.0,100,1,3.643,9.893,9.9,3.0,100.0,1,6.452,9.467,9.477,4.0,500.0,3,3.478,12.939,12.948,5.0,550.0,2.0,4.703,10.078,10.086,4.0,500.0,2,5.064,12.215,12.225,4.0,500.0,3,5.024,40.935,40.943,3.0,200.0,1,13.093,19.261,19.27,4.0,150.0,1,7.304,18.183,18.192,6.0,500.0,3,6.07,10.793,10.803,3.0,Mostly based on the AI's prediction ( ≥ 8 out of 9 cases),5.0,5.0,5.0
participant_38,559,143.32,228.579,228.584,8.0,Male,18.0,No AI,250,3,,,,,150,4,4.852,20.766,20.772,6.0,250.0,2,13.016,39.375,39.379,9.0,500.0,5,11.06,32.906,32.91,9.0,100.0,4.0,28.021,41.768,41.773,4.0,550.0,4,6.719,17.44,17.445,6.0,500.0,4,7.954,20.475,20.482,6.0,250.0,3,25.021,67.074,67.077,10.0,150.0,4,28.8,48.737,48.741,6.0,400.0,4,14.436,24.512,24.516,7.0,,,,
participant_39,265,,,,,Male,25.0,Confidence bands,700,3,31.608,114.14,114.147,4.0,100,3,3.288,6.861,6.865,4.0,100.0,2,2.495,3.824,3.827,3.0,450.0,2,2.541,4.682,4.687,3.0,200.0,3.0,18.807,59.877,59.883,3.0,400.0,3,5.589,7.29,7.295,3.0,350.0,3,4.989,6.4,6.405,3.0,400.0,2,5.891,7.992,8.0,3.0,250.0,4,2.051,7.005,7.011,7.0,350.0,3,12.628,14.727,14.732,3.0,Balanced mix of AI and my own judgement (4-5 out of 9 cases),3.0,2.0,3.0
participant_40,228,43.11,47.501,47.514,4.0,Female,21.0,No AI,500,4,,,,,150,4,15.658,17.62,17.625,3.0,350.0,4,14.895,18.298,18.316,5.0,450.0,4,12.715,14.956,14.966,3.0,500.0,4.0,7.426,10.766,10.782,6.0,500.0,4,24.202,25.881,25.89,3.0,500.0,5,10.605,13.243,13.255,4.0,250.0,3,11.816,14.269,14.283,3.0,250.0,4,23.054,27.149,27.157,4.0,450.0,4,14.33,16.902,16.917,4.0,,,,
participant_41,197,36.404,41.379,41.389,5.0,Male,35.0,No AI,300,4,,,,,350,4,9.099,12.094,12.101,5.0,350.0,4,7.27,11.514,11.523,4.0,300.0,4,9.266,11.716,11.726,4.0,300.0,4.0,26.557,32.996,33.006,5.0,150.0,3,10.736,15.178,15.186,5.0,100.0,5,12.773,14.802,14.812,3.0,300.0,3,6.697,8.878,8.887,4.0,100.0,3,13.546,16.175,16.183,3.0,450.0,5,5.455,8.751,8.759,5.0,,,,
participant_42,417,,,,,Female,22.0,Error bars,550,2,13.502,85.968,85.987,4.0,350,3,12.355,15.739,15.755,3.0,250.0,5,10.051,15.46,15.466,4.0,600.0,4,6.021,17.782,17.793,6.0,650.0,4.0,17.549,20.061,20.074,3.0,450.0,3,13.542,17.125,17.136,3.0,650.0,4,9.641,13.553,13.566,3.0,450.0,3,19.303,27.478,27.484,4.0,450.0,3,8.72,13.855,13.862,3.0,450.0,3,16.257,23.289,23.3,4.0,Mostly based on my own judgement ( ≤ 1 out of 9 cases),1.0,3.0,2.0
participant_43,562,,,,,Male,23.0,Confidence bands,500,4,47.342,290.936,290.943,13.0,100,4,7.877,10.8,10.803,5.0,200.0,4,15.435,17.363,17.367,4.0,350.0,4,37.595,54.695,54.702,4.0,450.0,2.0,13.993,31.143,31.147,8.0,300.0,4,6.497,11.797,11.801,3.0,500.0,4,16.371,19.988,19.993,4.0,150.0,4,4.442,17.401,17.406,3.0,100.0,4,26.838,31.032,31.036,7.0,300.0,5,16.774,19.643,19.648,5.0,Balanced mix of AI and my own judgement (4-5 out of 9 cases),3.0,5.0,4.0
participant_44,159,45.276,45.785,45.814,2.0,Female,22.0,No AI,500,4,,,,,100,4,9.495,9.757,9.782,2.0,350.0,3,10.153,10.532,10.549,2.0,450.0,4,8.693,8.923,8.946,2.0,500.0,,11.242,12.142,12.165,3.0,350.0,4,10.071,10.329,10.353,2.0,500.0,4,6.885,7.143,7.167,2.0,250.0,4,7.177,7.513,7.536,2.0,150.0,4,24.517,24.876,24.899,2.0,450.0,4,6.629,6.98,6.999,2.0,,,,
participant_45,643,122.403,135.988,135.995,6.0,Male,29.0,No AI,400,2,,,,,100,3,22.563,28.378,28.385,3.0,100.0,3,14.445,17.51,17.513,3.0,350.0,3,18.366,19.678,19.681,3.0,400.0,,64.771,68.025,68.038,4.0,450.0,2,25.692,34.217,34.222,4.0,400.0,1,27.244,29.758,29.772,4.0,200.0,3,15.738,19.244,19.248,5.0,250.0,3,17.503,18.702,18.705,3.0,500.0,2,60.467,66.78,66.795,5.0,,,,
participant_46,149,,,,,Male,20.0,Confidence bands,450,2,20.983,26.703,26.707,3.0,200,2,18.296,23.032,23.036,6.0,300.0,4,2.871,4.863,4.875,4.0,300.0,2,8.212,10.212,10.226,4.0,250.0,3.0,2.736,3.881,3.888,3.0,400.0,4,5.496,7.39,7.398,3.0,500.0,3,15.868,20.044,20.061,7.0,500.0,3,3.059,7.267,7.27,5.0,150.0,1,4.179,6.395,6.411,4.0,300.0,3,3.004,11.548,11.567,6.0,Balanced mix of AI and my own judgement (4-5 out of 9 cases),3.0,5.0,4.0
participant_47,141,,,,,Female,,Error bars,450,1,6.871,14.096,14.109,4.0,150,3,1.863,8.766,8.777,5.0,400.0,1,2.625,5.705,5.72,7.0,200.0,2,3.422,13.123,13.13,9.0,550.0,1.0,4.981,10.472,10.481,6.0,300.0,2,10.471,15.243,15.25,7.0,550.0,3,6.075,9.029,9.037,5.0,300.0,3,5.683,10.035,10.046,7.0,200.0,2,2.171,9.644,9.652,12.0,450.0,1,3.961,5.703,5.715,3.0,Balanced mix of AI and my own judgement (4-5 out of 9 cases),4.0,5.0,5.0
participant_48,1809,,,,,Male,33.0,Confidence bands,400,4,3.22,745.871,745.89,96.0,200,3,26.768,29.684,29.689,3.0,200.0,3,11.694,13.723,13.74,3.0,350.0,4,51.853,103.611,103.619,4.0,250.0,4.0,18.761,215.513,215.53,27.0,350.0,3,35.776,37.622,37.63,3.0,400.0,4,9.464,12.683,12.688,4.0,150.0,3,54.585,122.328,122.336,5.0,150.0,4,62.567,217.216,217.224,7.0,300.0,3,58.573,159.324,159.338,17.0,Somewhat based on the AI's prediction (6-7 out of 9 cases),4.0,1.0,4.0
participant_49,443,31.771,137.343,137.35,4.0,Male,24.0,No AI,350,2,,,,,100,1,12.94,48.581,48.586,6.0,100.0,2,25.198,53.331,53.348,5.0,400.0,1,18.287,23.74,23.759,6.0,350.0,,8.438,17.407,17.421,8.0,500.0,2,12.991,15.729,15.746,3.0,400.0,2,33.68,39.25,39.268,5.0,150.0,1,24.992,28.914,28.93,4.0,100.0,1,5.845,15.256,15.274,4.0,400.0,1,12.502,17.741,17.76,5.0,,,,
participant_50,330,,,,,Male,21.0,Confidence bands,450,4,4.987,52.502,52.507,6.0,150,4,3.418,6.383,6.397,4.0,250.0,2,6.286,7.635,7.641,3.0,400.0,4,2.935,6.199,6.215,6.0,400.0,3.0,3.663,5.085,5.098,4.0,450.0,2,3.816,7.609,7.615,6.0,400.0,4,5.629,7.281,7.286,3.0,200.0,3,3.233,5.43,5.434,3.0,250.0,4,3.196,6.406,6.412,7.0,450.0,2,7.44,9.104,9.123,3.0,Balanced mix of AI and my own judgement (4-5 out of 9 cases),4.0,4.0,4.0
participant_51,231,,,,,Prefer not to say,,Error bars,750,3,13.135,36.303,36.319,6.0,550,3,4.383,7.358,7.365,4.0,500.0,3,7.499,12.198,12.209,4.0,400.0,2,5.101,8.524,8.533,3.0,650.0,3.0,6.479,9.002,9.006,3.0,450.0,3,9.097,18.586,18.589,7.0,550.0,3,4.896,13.683,13.698,5.0,400.0,2,5.897,9.165,9.174,3.0,500.0,3,5.825,13.833,13.841,4.0,400.0,2,3.642,13.263,13.266,3.0,Somewhat based on my own judgement (2-3 out of 9 cases),3.0,1.0,2.0
participant_52,69,,,,,Female,19.0,Error bars,300,3,2.871,6.572,6.578,5.0,600,4,1.216,2.416,2.422,4.0,300.0,3,1.689,4.822,4.828,4.0,500.0,3,1.884,5.318,5.324,5.0,500.0,3.0,4.695,6.277,6.284,3.0,350.0,3,1.296,3.28,3.286,4.0,450.0,3,1.196,2.429,2.436,3.0,700.0,5,1.537,2.454,2.46,3.0,750.0,5,1.339,2.056,2.062,3.0,500.0,3,1.888,4.321,4.328,4.0,Somewhat based on my own judgement (2-3 out of 9 cases),2.0,3.0,1.0
participant_53,203,,,,,Male,40.0,Error bars,450,1,56.944,62.256,62.271,4.0,200,1,2.11,4.976,4.993,4.0,500.0,1,37.692,67.653,67.671,4.0,200.0,1,3.217,5.244,5.258,3.0,200.0,1.0,2.155,4.688,4.705,3.0,300.0,1,2.588,5.219,5.235,3.0,150.0,1,2.949,6.274,6.29,4.0,200.0,1,2.306,4.28,4.294,3.0,150.0,1,2.508,5.086,5.104,3.0,250.0,1,4.204,6.293,6.309,3.0,Balanced mix of AI and my own judgement (4-5 out of 9 cases),2.0,2.0,2.0
participant_54,368,,,,,Female,31.0,Confidence bands,500,3,74.829,79.291,79.31,3.0,250,2,12.156,14.807,14.827,3.0,350.0,2,17.319,21.649,21.666,5.0,600.0,3,33.219,37.191,37.21,4.0,250.0,3.0,9.397,32.628,32.649,6.0,200.0,2,10.283,15.038,15.06,6.0,450.0,2,11.927,14.719,14.737,4.0,150.0,2,9.563,12.039,12.06,3.0,150.0,3,21.11,23.538,23.557,3.0,550.0,2,47.154,49.49,49.511,3.0,Balanced mix of AI and my own judgement (4-5 out of 9 cases),3.0,3.0,3.0
participant_55,678,,,,,Female,26.0,Error bars,500,1,76.481,80.433,80.443,3.0,100,5,6.06,8.446,8.45,3.0,150.0,3,41.258,49.5,49.507,8.0,400.0,5,4.578,7.514,7.518,5.0,550.0,4.0,6.89,9.912,9.916,5.0,500.0,4,27.988,31.243,31.249,5.0,550.0,5,11.046,14.832,14.836,5.0,150.0,5,6.034,8.336,8.34,3.0,200.0,5,8.861,12.257,12.261,5.0,450.0,5,12.105,14.777,14.78,4.0,Mostly based on the AI's prediction ( ≥ 8 out of 9 cases),4.0,4.0,4.0
participant_56,456,,,,,Male,23.0,Confidence bands,450,4,145.807,249.758,249.76,7.0,100,3,48.365,50.14,50.142,3.0,300.0,4,7.004,8.367,8.368,3.0,450.0,4,11.127,12.254,12.255,3.0,450.0,4.0,6.687,7.673,7.674,4.0,450.0,3,7.477,22.517,22.518,5.0,500.0,4,11.872,16.778,16.78,3.0,150.0,4,16.204,17.321,17.322,3.0,200.0,3,13.042,14.351,14.352,3.0,450.0,3,8.556,15.32,15.321,5.0,Balanced mix of AI and my own judgement (4-5 out of 9 cases),3.0,4.0,4.0
participant_57,570,,,,,Female,23.0,Confidence bands,700,1,109.81,163.288,163.303,10.0,200,1,10.388,35.055,35.076,10.0,350.0,1,7.973,10.898,10.913,3.0,700.0,1,19.874,28.93,28.949,6.0,800.0,1.0,26.332,27.349,27.371,2.0,750.0,1,17.346,22.41,22.431,6.0,800.0,1,35.63,45.827,45.843,4.0,400.0,1,4.703,15.178,15.202,6.0,600.0,1,26.248,35.576,35.596,5.0,800.0,1,13.612,15.304,15.321,3.0,Mostly based on my own judgement ( ≤ 1 out of 9 cases),3.0,3.0,3.0
participant_58,162,21.488,32.689,32.699,6.0,Male,21.0,No AI,400,3,,,,,200,3,12.814,17.514,17.526,6.0,200.0,3,12.472,16.854,16.862,4.0,450.0,2,1.651,5.535,5.543,5.0,400.0,,2.826,18.776,18.784,6.0,550.0,3,3.758,7.608,7.616,8.0,550.0,3,2.096,5.995,6.007,7.0,300.0,2,1.283,5.766,5.774,9.0,200.0,2,2.609,5.258,5.266,4.0,550.0,4,2.323,5.439,5.448,5.0,,,,
participant_59,2001,,,,,Female,23.0,Confidence bands,300,2,71.449,144.566,144.584,4.0,150,3,29.269,38.943,38.962,6.0,350.0,3,10.407,61.118,61.128,3.0,350.0,3,23.519,33.867,33.885,4.0,200.0,3.0,19.573,23.212,23.219,3.0,250.0,2,15.592,50.239,50.256,5.0,400.0,4,9.991,17.15,17.167,3.0,200.0,4,76.599,125.91,125.919,7.0,300.0,3,170.15,173.361,173.371,4.0,200.0,3,20.54,34.489,34.503,6.0,Mostly based on the AI's prediction ( ≥ 8 out of 9 cases),4.0,4.0,3.0
participant_60,203,,,,,Male,37.0,Error bars,500,3,56.855,62.067,62.092,3.0,100,1,3.672,5.454,5.474,3.0,100.0,1,4.052,6.612,6.625,3.0,500.0,1,4.254,7.59,7.611,4.0,500.0,1.0,3.882,6.192,6.205,3.0,500.0,1,3.418,5.815,5.83,3.0,450.0,1,5.754,8.682,8.704,3.0,100.0,1,3.494,6.188,6.195,3.0,100.0,1,5.251,9.021,9.053,3.0,500.0,1,15.21,19.891,19.906,5.0,Somewhat based on my own judgement (2-3 out of 9 cases),1.0,1.0,1.0
participant_61,116,,,,,Female,25.0,Confidence bands,450,3,1.783,16.271,16.302,4.0,250,3,2.315,6.0,6.008,5.0,400.0,3,9.679,11.18,11.19,3.0,350.0,3,2.355,6.058,6.067,4.0,250.0,4.0,1.975,4.942,4.949,4.0,250.0,3,2.322,5.523,5.531,5.0,350.0,3,4.146,5.579,5.586,3.0,300.0,3,2.434,4.069,4.078,3.0,100.0,4,3.274,5.308,5.317,4.0,300.0,3,2.876,14.559,14.568,7.0,Somewhat based on the AI's prediction (6-7 out of 9 cases),3.0,2.0,3.0
participant_62,102,5.193,15.777,15.785,3.0,Male,19.0,No AI,300,3,,,,,300,3,2.46,4.549,4.558,3.0,250.0,2,3.102,6.0,6.007,3.0,550.0,3,3.098,4.826,4.842,3.0,700.0,,3.109,5.403,5.415,4.0,700.0,4,2.397,5.079,5.091,3.0,400.0,4,2.148,4.139,4.152,3.0,250.0,3,2.627,13.806,13.817,6.0,250.0,3,2.732,8.775,8.794,5.0,250.0,2,2.083,4.247,4.257,4.0,,,,
participant_63,252,,,,,Female,34.0,Confidence bands,500,4,26.579,32.77,32.779,4.0,100,4,14.39,18.811,18.817,4.0,300.0,3,13.799,17.71,17.719,4.0,450.0,3,7.234,10.116,10.124,3.0,450.0,3.0,7.204,9.802,9.809,3.0,450.0,3,24.586,28.307,28.316,4.0,500.0,3,7.53,10.125,10.132,3.0,200.0,3,8.007,46.487,46.492,6.0,300.0,3,11.468,15.446,15.455,4.0,450.0,4,5.614,8.707,8.724,3.0,Balanced mix of AI and my own judgement (4-5 out of 9 cases),3.0,4.0,3.0
participant_64,417,,,,,Female,21.0,Error bars,550,1,120.591,136.349,136.358,8.0,200,4,8.453,17.582,17.59,7.0,150.0,3,13.919,15.357,15.366,3.0,550.0,3,50.917,65.454,65.462,4.0,650.0,3.0,22.336,28.904,28.911,3.0,400.0,3,6.956,17.864,17.872,5.0,600.0,3,20.946,34.566,34.58,3.0,250.0,3,8.934,16.995,17.003,3.0,250.0,4,28.661,33.73,33.739,5.0,550.0,3,6.05,12.389,12.398,4.0,Balanced mix of AI and my own judgement (4-5 out of 9 cases),3.0,3.0,3.0
participant_65,301,79.943,94.937,94.942,4.0,Female,23.0,No AI,450,4,,,,,150,3,33.186,61.063,61.07,8.0,300.0,3,15.636,17.114,17.122,3.0,450.0,3,10.18,15.674,15.68,6.0,450.0,,8.783,13.414,13.424,4.0,550.0,4,4.387,8.449,8.456,4.0,600.0,4,6.086,8.162,8.168,3.0,250.0,3,5.386,8.989,8.994,4.0,250.0,3,28.857,31.588,31.595,3.0,500.0,4,8.286,14.653,14.662,6.0,,,,
participant_66,307,,,,,Female,19.0,Confidence bands,450,3,18.836,60.083,60.104,3.0,800,3,7.549,10.287,10.305,3.0,350.0,3,22.038,25.187,25.204,4.0,650.0,3,12.973,16.138,16.156,3.0,600.0,3.0,10.162,11.307,11.331,2.0,200.0,3,1.7,15.933,15.952,7.0,50.0,3,16.125,21.47,21.5,5.0,100.0,3,5.96,8.94,8.956,4.0,300.0,3,23.524,24.15,24.17,2.0,150.0,3,24.365,25.426,25.445,2.0,Balanced mix of AI and my own judgement (4-5 out of 9 cases),3.0,1.0,3.0
participant_67,619,,,,,Prefer not to say,,Error bars,450,4,232.605,241.761,241.764,4.0,150,4,24.815,27.107,27.11,3.0,150.0,4,9.709,21.032,21.035,3.0,450.0,4,5.616,119.042,119.046,5.0,350.0,3.0,19.018,24.692,24.695,6.0,650.0,4,17.816,19.55,19.553,3.0,450.0,3,13.982,16.617,16.619,3.0,250.0,4,27.681,29.174,29.177,3.0,100.0,4,12.397,15.531,15.534,4.0,700.0,4,45.841,47.494,47.498,3.0,Mostly based on my own judgement ( ≤ 1 out of 9 cases),1.0,3.0,3.0
participant_68,484,,,,,Female,24.0,Error bars,400,3,109.811,153.472,153.482,6.0,150,3,12.28,13.76,13.766,3.0,150.0,3,41.12,42.929,42.937,3.0,450.0,3,24.542,26.332,26.337,3.0,500.0,3.0,11.537,24.106,24.11,4.0,400.0,3,32.784,35.446,35.454,4.0,500.0,3,13.469,27.188,27.191,4.0,300.0,3,16.91,18.336,18.34,3.0,100.0,3,25.905,28.809,28.816,3.0,400.0,3,22.444,23.98,23.984,3.0,Balanced mix of AI and my own judgement (4-5 out of 9 cases),3.0,4.0,4.0
participant_69,358,72.419,102.269,102.278,3.0,Female,21.0,No AI,500,4,,,,,100,3,6.838,17.004,17.007,4.0,250.0,4,14.996,19.162,19.164,6.0,500.0,4,15.434,45.917,45.922,5.0,500.0,4.0,20.56,39.907,39.91,4.0,450.0,4,6.608,8.89,8.893,4.0,500.0,4,7.697,14.381,14.387,3.0,200.0,3,18.083,21.933,21.935,3.0,300.0,3,21.068,24.201,24.207,5.0,450.0,3,17.661,21.544,21.549,5.0,,,,
participant_70,1056,,,,,Male,22.0,Error bars,450,4,337.393,356.907,356.91,4.0,100,4,35.132,41.842,41.848,6.0,150.0,3,151.757,161.074,161.076,3.0,400.0,4,30.362,32.49,32.493,3.0,100.0,2.0,69.809,77.993,77.994,3.0,350.0,2,14.794,23.786,23.789,4.0,450.0,4,10.993,17.458,17.46,6.0,50.0,3,9.68,40.586,40.589,6.0,50.0,4,87.265,92.551,92.553,4.0,250.0,4,125.786,128.841,128.845,4.0,Balanced mix of AI and my own judgement (4-5 out of 9 cases),2.0,4.0,4.0
participant_71,322,2.725,66.941,66.946,71.0,Female,22.0,No AI,450,4,,,,,100,4,0.781,40.599,40.618,49.0,250.0,2,41.984,43.436,43.439,3.0,400.0,3,2.674,37.156,37.161,26.0,400.0,,5.6,8.851,8.856,4.0,300.0,2,14.92,20.354,20.358,3.0,500.0,4,8.566,10.73,10.735,3.0,200.0,2,16.948,18.648,18.653,3.0,100.0,3,30.115,36.101,36.104,4.0,400.0,2,14.147,16.063,16.066,3.0,,,,
participant_72,282,,,,,Female,20.0,Confidence bands,400,4,77.563,83.463,83.468,3.0,100,3,34.866,42.814,42.82,4.0,100.0,3,5.441,7.291,7.296,3.0,350.0,4,10.876,13.193,13.197,3.0,200.0,3.0,7.148,10.23,10.234,4.0,250.0,3,5.118,14.501,14.507,5.0,300.0,3,29.011,31.762,31.767,3.0,100.0,2,10.839,15.24,15.244,4.0,100.0,3,6.735,10.218,10.223,3.0,250.0,3,10.707,18.357,18.365,4.0,Mostly based on the AI's prediction ( ≥ 8 out of 9 cases),3.0,4.0,4.0
participant_73,124,,,,,Male,19.0,Confidence bands,450,3,58.678,61.626,61.629,5.0,250,4,1.087,2.919,2.922,4.0,200.0,3,2.663,4.077,4.082,3.0,350.0,4,0.247,4.426,4.431,5.0,300.0,4.0,1.37,3.068,3.071,4.0,300.0,3,2.274,3.847,3.852,3.0,400.0,4,1.498,4.819,4.822,5.0,350.0,3,5.043,9.31,9.314,7.0,250.0,3,1.4,3.136,3.14,4.0,350.0,4,1.459,5.179,5.183,9.0,Somewhat based on the AI's prediction (6-7 out of 9 cases),4.0,4.0,5.0
participant_74,330,,,,,Male,17.0,Error bars,400,4,101.699,121.538,121.575,4.0,150,2,8.103,11.475,11.5,3.0,50.0,3,5.098,14.489,14.526,8.0,400.0,3,6.82,9.341,9.375,4.0,500.0,2.0,6.075,19.705,19.738,4.0,450.0,3,8.62,12.643,12.67,5.0,550.0,2,8.442,11.305,11.336,3.0,200.0,3,8.242,11.513,11.537,4.0,250.0,3,11.479,13.637,13.67,3.0,450.0,2,12.475,40.279,40.309,7.0,Mostly based on my own judgement ( ≤ 1 out of 9 cases),1.0,3.0,2.0
participant_75,1041,256.954,270.181,270.183,4.0,Male,22.0,No AI,750,4,,,,,300,5,46.504,55.215,55.217,6.0,550.0,4,27.865,34.451,34.453,4.0,800.0,5,63.735,75.968,75.97,8.0,300.0,,152.546,195.715,195.717,5.0,650.0,3,54.679,61.655,61.657,4.0,800.0,5,16.543,19.578,19.579,3.0,650.0,5,30.276,41.05,41.052,3.0,400.0,1,105.625,117.62,117.622,4.0,700.0,4,31.718,63.573,63.576,6.0,,,,
participant_76,534,,,,,Male,,Confidence bands,500,3,76.628,128.0,128.005,7.0,200,3,19.538,44.083,44.099,7.0,100.0,2,9.095,13.912,13.915,3.0,350.0,2,17.925,27.085,27.094,4.0,300.0,1.0,13.508,28.303,28.305,5.0,500.0,2,3.098,22.012,22.025,7.0,550.0,3,13.961,25.535,25.54,4.0,200.0,2,70.95,75.605,75.621,4.0,150.0,3,24.619,28.301,28.308,3.0,300.0,2,83.368,103.312,103.318,3.0,Balanced mix of AI and my own judgement (4-5 out of 9 cases),3.0,4.0,4.0
participant_77,176,,,,,Male,32.0,Error bars,250,3,14.589,15.752,15.807,3.0,500,3,4.607,5.873,5.928,3.0,500.0,5,3.864,5.505,5.536,3.0,650.0,5,2.227,3.64,3.658,3.0,700.0,4.0,17.619,18.236,18.289,2.0,500.0,3,2.43,4.413,4.455,4.0,200.0,1,2.169,3.49,3.538,3.0,200.0,5,3.172,4.923,4.982,3.0,200.0,5,2.311,5.143,5.221,3.0,50.0,1,2.871,6.124,6.173,4.0,Balanced mix of AI and my own judgement (4-5 out of 9 cases),2.0,4.0,3.0
participant_78,805,440.278,443.784,443.79,3.0,Male,22.0,No AI,500,4,,,,,200,4,18.655,20.355,20.361,3.0,200.0,3,15.281,27.742,27.747,4.0,450.0,4,21.954,40.704,40.719,4.0,450.0,,5.163,13.498,13.504,4.0,450.0,4,31.437,34.358,34.362,3.0,500.0,4,4.521,14.086,14.101,4.0,250.0,3,40.798,51.184,51.188,3.0,150.0,2,15.998,25.135,25.138,4.0,500.0,2,4.653,28.763,28.78,4.0,,,,
participant_79,259,,,,,Male,21.0,Error bars,550,3,78.619,80.546,80.55,3.0,300,3,6.034,8.592,8.597,3.0,350.0,2,4.96,8.315,8.321,4.0,350.0,3,6.081,8.27,8.274,3.0,250.0,4.0,15.023,25.957,25.962,4.0,300.0,2,5.514,9.596,9.601,8.0,400.0,4,14.751,18.861,18.864,3.0,400.0,3,5.858,8.192,8.194,5.0,250.0,2,11.486,14.417,14.421,4.0,350.0,4,9.106,13.567,13.571,6.0,Mostly based on my own judgement ( ≤ 1 out of 9 cases),3.0,4.0,4.0
participant_80,425,83.237,102.994,103.005,7.0,Female,22.0,No AI,800,3,,,,,400,2,35.217,37.932,37.939,4.0,300.0,3,12.894,17.775,17.793,4.0,650.0,3,22.602,58.808,58.816,9.0,500.0,3.0,23.987,41.05,41.058,8.0,800.0,2,11.71,43.407,43.413,8.0,800.0,2,9.135,11.01,11.022,4.0,450.0,2,31.224,50.441,50.448,8.0,250.0,2,13.693,18.11,18.116,5.0,750.0,2,12.31,24.51,24.522,7.0,,,,
participant_81,358,80.446,88.369,88.384,6.0,Female,24.0,No AI,450,4,,,,,100,3,6.115,8.865,8.867,5.0,300.0,3,12.235,15.332,15.35,5.0,400.0,4,10.984,20.074,20.08,9.0,400.0,,44.819,47.915,47.932,7.0,500.0,4,13.607,15.55,15.554,4.0,500.0,4,44.358,47.094,47.097,4.0,150.0,3,5.087,18.582,18.6,7.0,250.0,3,7.269,9.332,9.35,3.0,450.0,3,10.915,13.135,13.152,4.0,,,,
participant_82,1393,,,,,Female,32.0,Confidence bands,500,4,356.313,359.043,359.052,3.0,150,4,11.756,17.359,17.372,5.0,350.0,4,10.365,13.697,13.709,4.0,450.0,4,24.541,26.648,26.652,3.0,450.0,4.0,20.44,22.438,22.454,3.0,500.0,5,9.412,11.2,11.212,4.0,500.0,5,18.631,20.43,20.438,3.0,150.0,5,39.764,49.076,49.087,5.0,150.0,4,16.531,23.566,23.58,3.0,500.0,5,8.951,12.682,12.687,4.0,Mostly based on my own judgement ( ≤ 1 out of 9 cases),3.0,3.0,2.0
participant_83,320,,,,,Female,25.0,Confidence bands,500,5,61.084,88.904,88.908,6.0,400,4,6.373,15.707,15.71,3.0,500.0,4,20.882,30.6,30.605,5.0,550.0,4,12.694,15.014,15.033,3.0,500.0,4.0,17.638,20.025,20.028,4.0,500.0,4,35.88,44.266,44.268,5.0,500.0,3,7.328,13.229,13.232,4.0,400.0,3,6.107,21.342,21.345,6.0,400.0,4,6.216,10.016,10.02,4.0,500.0,4,10.521,17.523,17.526,6.0,Balanced mix of AI and my own judgement (4-5 out of 9 cases),3.0,4.0,3.0
participant_84,287,,,,,Male,21.0,Error bars,600,3,57.632,62.682,62.692,4.0,100,2,15.301,19.076,19.085,6.0,100.0,1,8.965,13.319,13.325,7.0,350.0,2,26.459,32.275,32.281,8.0,500.0,3.0,8.732,11.449,11.457,5.0,400.0,2,15.916,18.083,18.09,4.0,500.0,4,8.624,11.127,11.134,4.0,200.0,2,9.883,19.268,19.275,5.0,150.0,4,9.751,13.165,13.173,3.0,400.0,4,23.846,27.778,27.785,5.0,Mostly based on my own judgement ( ≤ 1 out of 9 cases),1.0,4.0,1.0
participant_85,836,21.618,89.282,89.294,5.0,Female,26.0,No AI,400,4,,,,,100,4,183.716,185.196,185.213,3.0,300.0,4,21.744,24.344,24.358,3.0,400.0,4,19.236,23.996,24.003,4.0,300.0,,18.756,25.988,25.991,5.0,450.0,1,15.365,30.045,30.049,7.0,400.0,3,18.2,19.688,19.697,3.0,150.0,4,41.195,43.515,43.53,3.0,150.0,3,13.187,16.123,16.135,4.0,350.0,2,15.486,27.702,27.716,4.0,,,,
participant_86,464,,,,,Female,26.0,Error bars,450,4,106.75,113.676,113.69,4.0,150,3,22.114,76.812,76.819,6.0,150.0,3,11.262,14.185,14.193,3.0,400.0,4,11.351,16.26,16.268,5.0,500.0,4.0,20.803,24.729,24.735,4.0,450.0,4,15.245,18.825,18.835,4.0,500.0,4,33.569,37.684,37.689,4.0,150.0,4,28.753,32.664,32.671,3.0,250.0,3,25.727,29.506,29.52,4.0,450.0,4,13.358,15.964,15.969,3.0,Mostly based on my own judgement ( ≤ 1 out of 9 cases),2.0,2.0,2.0
participant_87,461,,,,,Female,26.0,Confidence bands,400,2,91.171,145.267,145.274,7.0,150,3,43.412,47.635,47.647,3.0,150.0,1,23.866,28.762,28.765,3.0,350.0,4,10.263,13.679,13.685,5.0,200.0,3.0,15.001,17.529,17.54,4.0,300.0,2,13.283,16.467,16.478,5.0,400.0,3,12.225,16.458,16.464,6.0,150.0,3,17.78,20.58,20.589,3.0,100.0,3,13.473,16.761,16.763,4.0,350.0,2,25.589,29.662,29.664,4.0,Mostly based on the AI's prediction ( ≥ 8 out of 9 cases),3.0,4.0,3.0
participant_88,600,161.305,170.573,170.582,3.0,Male,30.0,No AI,500,1,,,,,150,2,55.161,60.209,60.214,3.0,300.0,2,18.333,21.809,21.814,3.0,450.0,1,52.699,68.6,68.605,3.0,450.0,,17.401,30.68,30.693,3.0,500.0,2,47.475,54.606,54.609,3.0,500.0,2,28.641,58.221,58.226,4.0,200.0,1,24.373,31.371,31.382,3.0,150.0,2,10.766,23.383,23.388,3.0,500.0,2,11.955,35.832,35.834,3.0,,,,
participant_89,536,,,,,Male,37.0,Error bars,350,2,119.746,189.963,189.972,5.0,100,4,16.386,19.515,19.528,3.0,100.0,4,26.571,35.769,35.787,3.0,350.0,4,25.314,34.814,34.827,3.0,200.0,4.0,20.702,22.596,22.61,3.0,250.0,3,7.572,18.321,18.327,3.0,350.0,3,16.499,24.715,24.726,3.0,150.0,4,10.117,12.496,12.513,3.0,100.0,4,9.215,11.861,11.866,4.0,250.0,3,29.085,43.097,43.104,4.0,Somewhat based on my own judgement (2-3 out of 9 cases),2.0,2.0,3.0
participant_90,628,,,,,Prefer not to say,52.0,Confidence bands,500,4,148.924,263.38,263.391,10.0,100,1,5.291,7.707,7.722,3.0,100.0,1,7.379,9.306,9.321,3.0,350.0,1,6.976,9.463,9.48,3.0,250.0,2.0,52.622,54.646,54.664,3.0,350.0,3,86.754,89.042,89.06,3.0,400.0,1,20.165,26.285,26.29,3.0,150.0,1,7.465,9.609,9.626,3.0,200.0,2,56.974,59.614,59.619,3.0,350.0,1,5.881,8.169,8.182,3.0,Somewhat based on the AI's prediction (6-7 out of 9 cases),1.0,3.0,2.0
participant_91,436,,,,,Female,22.0,Confidence bands,500,5,91.391,110.135,110.143,6.0,250,3,21.914,24.324,24.34,3.0,300.0,2,12.959,19.116,19.127,5.0,400.0,3,6.629,10.918,10.928,6.0,600.0,4.0,7.536,9.166,9.175,3.0,450.0,4,28.731,30.733,30.743,3.0,700.0,5,12.122,16.867,16.881,5.0,350.0,3,10.038,11.639,11.644,3.0,150.0,3,9.971,12.609,12.622,4.0,500.0,4,8.241,11.21,11.217,5.0,Balanced mix of AI and my own judgement (4-5 out of 9 cases),4.0,4.0,4.0
participant_92,415,,,,,Male,27.0,Error bars,550,1,40.329,86.732,86.742,4.0,100,4,9.677,20.92,20.931,5.0,100.0,4,5.598,9.672,9.681,4.0,400.0,4,8.614,12.887,12.901,4.0,450.0,2.0,10.347,15.459,15.468,6.0,550.0,4,29.201,39.405,39.413,5.0,600.0,3,4.922,10.417,10.424,6.0,250.0,3,9.815,63.265,63.273,6.0,200.0,3,4.391,9.503,9.509,4.0,500.0,3,26.744,31.17,31.181,3.0,Balanced mix of AI and my own judgement (4-5 out of 9 cases),4.0,4.0,5.0
participant_93,62,2.451,10.402,10.406,4.0,Female,24.0,No AI,450,3,,,,,250,3,1.742,4.39,4.393,5.0,200.0,3,1.373,3.041,3.047,5.0,450.0,4,1.832,3.006,3.011,3.0,400.0,,1.221,2.749,2.752,4.0,400.0,4,1.305,7.746,7.75,8.0,400.0,4,1.709,4.858,4.861,5.0,350.0,3,2.175,3.757,3.761,3.0,150.0,3,5.218,6.682,6.686,3.0,550.0,4,2.927,4.594,4.598,3.0,,,,
participant_94,82,,,,,Prefer not to say,,Error bars,400,4,9.34,10.232,10.246,3.0,150,3,3.133,4.566,4.57,3.0,100.0,4,2.736,4.136,4.152,3.0,350.0,4,4.096,5.827,5.843,3.0,200.0,5.0,2.531,4.701,4.719,5.0,300.0,3,2.824,5.26,5.276,5.0,400.0,4,3.661,9.355,9.368,6.0,150.0,3,3.951,6.479,6.493,5.0,100.0,4,3.043,4.641,4.647,3.0,300.0,3,3.606,5.031,5.049,4.0,Mostly based on the AI's prediction ( ≥ 8 out of 9 cases),4.0,4.0,5.0
participant_95,64,,,,,Male,24.0,Confidence bands,400,4,5.586,6.943,6.947,4.0,250,2,1.718,3.278,3.281,4.0,250.0,2,1.495,2.809,2.813,3.0,200.0,3,1.789,3.983,3.987,5.0,300.0,2.0,1.288,3.186,3.191,3.0,400.0,3,1.456,4.693,4.695,5.0,200.0,2,1.346,2.71,2.714,3.0,250.0,3,1.276,3.357,3.361,6.0,150.0,2,3.188,4.732,4.738,4.0,450.0,3,1.379,5.341,5.345,9.0,Somewhat based on my own judgement (2-3 out of 9 cases),2.0,3.0,1.0
participant_96,642,51.044,52.198,52.217,2.0,Female,28.0,No AI,650,1,,,,,150,3,83.007,88.188,88.199,4.0,250.0,3,18.538,23.25,23.266,3.0,400.0,3,36.805,38.494,38.511,2.0,500.0,3.0,9.09,15.006,15.026,5.0,550.0,3,13.183,17.886,17.912,5.0,350.0,3,167.412,168.393,168.414,2.0,550.0,3,39.884,41.364,41.387,2.0,350.0,2,17.41,18.148,18.166,2.0,650.0,3,12.813,18.896,18.913,5.0,,,,
participant_97,180,,,,,Female,21.0,Error bars,400,1,9.607,39.346,39.389,3.0,400,1,2.563,4.297,4.321,3.0,450.0,1,2.06,7.446,7.494,5.0,300.0,1,1.698,3.439,3.47,3.0,500.0,2.0,14.265,16.63,16.675,4.0,550.0,5,1.946,3.817,3.855,3.0,650.0,4,31.375,32.179,32.216,3.0,100.0,1,2.52,3.561,3.6,3.0,550.0,1,1.738,3.223,3.258,3.0,350.0,1,3.663,5.23,5.252,3.0,Somewhat based on my own judgement (2-3 out of 9 cases),2.0,3.0,3.0
participant_98,190,59.786,61.859,61.876,4.0,Female,19.0,No AI,600,2,,,,,150,3,6.594,9.069,9.08,3.0,200.0,3,5.413,8.802,8.815,4.0,750.0,3,14.773,16.246,16.252,3.0,500.0,,3.963,5.658,5.665,3.0,300.0,2,16.522,18.067,18.081,3.0,600.0,3,7.4,9.937,9.95,4.0,300.0,2,14.321,16.007,16.015,3.0,300.0,3,5.348,7.54,7.555,3.0,650.0,3,14.42,16.861,16.867,4.0,,,,
participant_99,173,,,,,Male,19.0,Confidence bands,700,2,3.633,21.587,21.665,5.0,500,3,3.962,4.478,4.525,2.0,500.0,3,4.109,4.66,4.712,2.0,600.0,3,4.787,5.223,5.276,2.0,450.0,2.0,1.795,3.267,3.311,2.0,450.0,4,2.111,48.353,48.399,5.0,500.0,2,2.417,4.031,4.048,2.0,350.0,1,2.646,4.508,4.557,3.0,500.0,3,3.373,3.955,4.003,2.0,700.0,3,2.102,24.818,24.876,9.0,Somewhat based on the AI's prediction (6-7 out of 9 cases),2.0,3.0,2.0
participant_100,742,,,,,Female,23.0,Error bars,350,2,194.743,313.881,313.896,5.0,100,4,2.918,4.173,4.182,3.0,150.0,2,7.902,9.128,9.137,3.0,300.0,3,12.927,21.39,21.398,4.0,200.0,4.0,3.212,4.576,4.584,3.0,200.0,3,13.166,15.721,15.732,4.0,500.0,5,176.56,194.396,194.404,4.0,150.0,4,17.236,26.189,26.198,5.0,50.0,3,3.264,11.259,11.264,4.0,300.0,4,3.846,5.496,5.505,4.0,Balanced mix of AI and my own judgement (4-5 out of 9 cases),3.0,4.0,4.0
participant_101,669,17.338,78.668,78.677,19.0,Male,17.0,No AI,650,1,,,,,500,3,5.862,18.193,18.195,6.0,300.0,4,139.501,145.375,145.391,4.0,600.0,4,5.094,7.645,7.663,4.0,550.0,4.0,4.723,10.558,10.565,7.0,400.0,3,14.11,21.687,21.702,6.0,400.0,2,10.424,22.077,22.085,5.0,400.0,3,7.189,8.637,8.65,3.0,500.0,2,46.191,48.108,48.121,3.0,500.0,4,5.867,53.659,53.673,5.0,,,,
participant_102,368,21.928,54.324,54.33,6.0,Female,24.0,No AI,150,2,,,,,100,2,8.608,11.94,11.944,5.0,450.0,2,10.402,14.358,14.362,6.0,500.0,1,8.994,33.925,33.929,11.0,600.0,,13.82,18.855,18.86,8.0,500.0,1,9.525,13.237,13.241,5.0,100.0,1,9.11,12.968,12.971,6.0,200.0,2,27.794,52.138,52.143,6.0,200.0,1,21.621,44.359,44.365,12.0,100.0,1,20.245,21.969,21.974,3.0,,,,
participant_103,2408,,,,,Female,40.0,Error bars,550,1,251.961,286.579,286.588,4.0,100,3,159.113,162.289,162.303,6.0,200.0,4,36.78,63.154,63.165,7.0,500.0,2,24.847,35.413,35.422,5.0,400.0,1.0,2.245,98.535,98.546,8.0,400.0,2,39.584,41.635,41.642,3.0,450.0,2,8.632,16.171,16.18,7.0,300.0,2,5.567,38.044,38.054,10.0,150.0,3,13.84,20.548,20.915,7.0,400.0,4,4.648,20.356,20.364,4.0,Balanced mix of AI and my own judgement (4-5 out of 9 cases),4.0,4.0,4.0
participant_104,77,,,,,Prefer not to say,19.0,Confidence bands,400,5,6.419,15.299,15.304,5.0,200,3,1.529,3.252,3.255,3.0,300.0,4,2.003,3.537,3.54,5.0,350.0,3,3.674,5.705,5.709,4.0,250.0,4.0,1.571,4.148,4.153,4.0,300.0,4,1.869,3.9,3.904,5.0,400.0,3,1.831,4.597,4.602,5.0,250.0,3,1.412,5.455,5.46,7.0,200.0,2,1.855,3.428,3.432,3.0,350.0,3,2.978,5.023,5.026,4.0,Balanced mix of AI and my own judgement (4-5 out of 9 cases),3.0,3.0,4.0
participant_105,398,,,,,Female,21.0,Error bars,500,5,95.001,105.244,105.251,4.0,250,4,23.944,25.319,25.322,3.0,200.0,4,12.646,13.607,13.609,3.0,400.0,3,24.791,27.058,27.06,4.0,400.0,4.0,31.073,32.609,32.615,3.0,300.0,4,45.715,48.224,48.231,3.0,550.0,4,13.123,16.695,16.699,4.0,250.0,4,21.356,26.169,26.174,6.0,150.0,4,16.281,22.569,22.572,5.0,400.0,4,17.052,19.42,19.423,4.0,Mostly based on my own judgement ( ≤ 1 out of 9 cases),1.0,5.0,2.0
participant_106,608,78.284,191.484,191.509,13.0,Female,19.0,No AI,550,4,,,,,50,4,16.834,29.515,29.53,3.0,100.0,4,14.328,16.715,16.729,3.0,400.0,4,28.569,33.793,33.807,4.0,450.0,,46.161,70.731,70.752,6.0,450.0,4,19.839,28.153,28.175,3.0,400.0,3,16.452,17.943,17.966,3.0,100.0,3,58.551,64.616,64.629,3.0,100.0,4,25.845,69.726,69.739,4.0,400.0,4,13.701,17.191,17.212,4.0,,,,
participant_107,58,,,,,Female,28.0,Error bars,200,1,2.905,5.175,5.177,3.0,150,1,1.854,5.991,5.994,7.0,100.0,2,1.205,3.329,3.335,5.0,300.0,1,1.254,3.972,3.976,7.0,250.0,1.0,1.547,3.162,3.168,4.0,250.0,1,0.99,2.986,2.99,5.0,400.0,2,1.349,4.468,4.471,7.0,200.0,1,1.213,2.716,2.721,4.0,200.0,1,1.047,2.575,2.58,4.0,250.0,1,1.3,2.921,2.925,4.0,Balanced mix of AI and my own judgement (4-5 out of 9 cases),3.0,2.0,3.0
participant_108,994,76.106,167.46,167.476,7.0,Female,18.0,No AI,300,1,,,,,150,2,82.543,160.979,160.992,14.0,300.0,2,9.354,11.136,11.142,3.0,300.0,2,35.424,50.858,50.867,5.0,300.0,,8.387,20.817,20.83,8.0,50.0,2,12.59,20.443,20.451,3.0,50.0,2,11.95,20.029,20.038,4.0,400.0,2,84.724,241.688,241.693,5.0,100.0,2,16.788,65.226,65.234,9.0,400.0,2,48.56,86.399,86.409,6.0,,,,
participant_109,264,,,,,Male,22.0,Confidence bands,800,4,32.099,56.13,56.138,6.0,150,4,5.038,7.076,7.083,4.0,200.0,3,7.232,9.512,9.521,4.0,700.0,3,82.798,84.977,84.99,4.0,800.0,4.0,10.497,12.948,12.954,4.0,600.0,3,11.822,16.068,16.075,3.0,700.0,4,4.839,6.156,6.163,3.0,250.0,3,1.931,5.695,5.703,4.0,400.0,4,4.837,8.048,8.053,6.0,500.0,4,5.826,10.624,10.631,5.0,Balanced mix of AI and my own judgement (4-5 out of 9 cases),4.0,5.0,5.0
participant_110,118,43.582,44.465,44.515,2.0,Female,22.0,No AI,800,2,,,,,650,1,2.514,2.918,2.96,2.0,550.0,1,3.304,3.817,3.868,2.0,500.0,1,2.746,3.659,3.696,2.0,500.0,,2.409,3.252,3.269,2.0,650.0,1,2.107,2.678,2.713,2.0,600.0,1,11.0,11.726,11.768,3.0,600.0,1,2.252,3.143,3.174,2.0,450.0,2,12.618,13.736,13.781,2.0,800.0,1,3.653,4.057,4.088,2.0,,,,
participant_111,377,,,,,Female,21.0,Confidence bands,800,3,98.361,98.8,98.834,2.0,150,2,38.404,42.353,42.386,4.0,250.0,3,16.031,16.646,16.681,2.0,600.0,3,3.676,9.813,9.853,6.0,600.0,2.0,3.884,12.201,12.231,3.0,600.0,3,3.716,9.494,9.523,4.0,500.0,3,5.625,9.898,9.924,3.0,300.0,2,2.26,10.145,10.178,3.0,150.0,1,4.608,15.226,15.258,5.0,500.0,3,62.256,62.632,62.667,2.0,Balanced mix of AI and my own judgement (4-5 out of 9 cases),3.0,3.0,4.0
participant_112,2216,61.526,126.767,126.771,7.0,Male,33.0,No AI,350,4,,,,,100,3,90.809,152.978,152.982,8.0,350.0,3,20.209,22.116,22.121,4.0,300.0,4,24.525,45.496,45.5,6.0,400.0,3.0,81.994,100.141,100.148,9.0,200.0,3,39.939,41.854,41.857,4.0,300.0,4,17.232,19.098,19.104,3.0,200.0,3,26.873,28.889,28.895,5.0,200.0,3,29.104,31.097,31.099,4.0,250.0,3,27.295,29.748,29.749,6.0,,,,
participant_113,100,,,,,Male,,Error bars,350,3,7.314,13.199,13.205,3.0,650,4,2.02,2.846,2.85,3.0,300.0,2,2.807,4.253,4.259,4.0,500.0,4,1.521,2.569,2.571,3.0,500.0,4.0,3.305,5.229,5.232,5.0,550.0,3,2.089,3.189,3.193,4.0,700.0,2,1.334,2.752,2.759,5.0,350.0,2,2.385,3.431,3.437,3.0,300.0,4,1.664,6.316,6.32,6.0,550.0,4,1.622,2.618,2.625,3.0,Balanced mix of AI and my own judgement (4-5 out of 9 cases),4.0,5.0,2.0
participant_114,622,,,,,Female,23.0,Error bars,450,4,150.905,167.316,167.328,3.0,150,4,20.5,23.284,23.294,3.0,150.0,4,21.432,29.66,29.67,3.0,450.0,4,52.871,57.769,57.778,4.0,450.0,5.0,12.081,18.657,18.666,5.0,500.0,5,8.413,11.065,11.071,3.0,500.0,4,12.311,19.046,19.053,6.0,200.0,4,17.58,21.062,21.071,4.0,150.0,4,33.615,44.534,44.542,5.0,500.0,4,41.762,44.962,44.97,3.0,Mostly based on my own judgement ( ≤ 1 out of 9 cases),3.0,3.0,3.0
participant_115,674,,,,,Male,22.0,Confidence bands,450,3,2.932,425.578,425.584,35.0,400,2,10.227,14.189,14.205,5.0,250.0,3,7.182,9.78,9.791,3.0,500.0,3,12.418,23.535,23.55,8.0,450.0,4.0,2.816,16.72,16.724,4.0,350.0,4,9.915,12.309,12.32,3.0,450.0,3,8.342,11.054,11.069,4.0,350.0,3,3.85,7.218,7.221,3.0,150.0,3,9.111,23.835,23.84,6.0,600.0,2,5.003,9.862,9.871,5.0,Mostly based on the AI's prediction ( ≥ 8 out of 9 cases),4.0,1.0,5.0
participant_116,263,,,,,Female,21.0,Confidence bands,400,3,5.526,68.13,68.141,5.0,250,2,10.526,24.605,24.625,7.0,350.0,1,8.264,11.08,11.086,3.0,400.0,3,12.096,21.034,21.041,5.0,350.0,2.0,17.585,20.372,20.38,3.0,250.0,2,9.994,12.501,12.507,3.0,200.0,2,9.823,11.555,11.56,3.0,200.0,2,20.097,22.149,22.165,3.0,250.0,2,14.179,18.397,18.412,4.0,200.0,2,6.776,8.881,8.9,3.0,Balanced mix of AI and my own judgement (4-5 out of 9 cases),3.0,3.0,3.0
participant_117,82,,,,,Male,27.0,Error bars,500,2,3.566,15.219,15.223,9.0,100,4,3.628,5.096,5.106,4.0,100.0,4,2.875,4.92,4.924,5.0,450.0,3,3.024,4.395,4.398,3.0,500.0,2.0,3.185,4.336,4.339,3.0,450.0,3,3.089,6.148,6.151,5.0,450.0,3,3.299,5.236,5.239,3.0,100.0,4,5.391,6.786,6.79,3.0,100.0,4,2.434,4.957,4.96,6.0,450.0,3,3.481,4.686,4.689,3.0,Balanced mix of AI and my own judgement (4-5 out of 9 cases),3.0,4.0,3.0
participant_118,881,229.373,241.769,241.771,5.0,Female,19.0,No AI,500,3,,,,,150,3,46.839,53.172,53.174,5.0,300.0,2,50.238,57.971,57.973,4.0,300.0,2,13.75,22.04,22.042,5.0,300.0,,61.432,68.938,68.94,4.0,350.0,2,20.314,25.073,25.075,4.0,350.0,2,101.723,105.035,105.038,4.0,150.0,2,113.634,125.229,125.233,4.0,100.0,3,22.164,24.338,24.34,3.0,300.0,2,30.299,34.881,34.883,5.0,,,,
participant_119,425,,,,,Female,23.0,Confidence bands,450,4,113.753,149.617,149.622,4.0,50,2,26.487,30.275,30.279,5.0,300.0,3,20.908,24.723,24.738,4.0,450.0,4,35.564,42.592,42.597,7.0,500.0,5.0,9.578,12.951,12.957,5.0,500.0,4,14.979,17.557,17.562,4.0,500.0,4,15.997,20.109,20.114,5.0,250.0,3,26.317,29.688,29.693,4.0,250.0,3,21.661,27.216,27.234,6.0,450.0,3,19.559,27.746,27.75,5.0,Mostly based on my own judgement ( ≤ 1 out of 9 cases),2.0,4.0,2.0
participant_120,331,,,,,Female,23.0,Error bars,500,2,29.957,34.723,34.728,4.0,150,2,12.363,30.714,30.718,8.0,250.0,3,9.973,13.992,13.996,6.0,250.0,3,13.67,16.603,16.607,3.0,100.0,2.0,20.64,26.745,26.749,5.0,650.0,3,16.7,20.933,20.937,4.0,450.0,3,40.247,47.015,47.019,9.0,100.0,3,44.193,48.276,48.281,4.0,250.0,3,14.739,20.606,20.61,6.0,550.0,4,19.409,27.276,27.28,7.0,Balanced mix of AI and my own judgement (4-5 out of 9 cases),3.0,4.0,3.0
participant_121,637,31.1,49.643,49.647,13.0,Male,20.0,No AI,500,4,,,,,100,4,3.359,5.31,5.319,3.0,150.0,3,2.931,5.574,5.587,4.0,350.0,3,8.753,10.573,10.576,5.0,450.0,,5.72,8.414,8.422,5.0,350.0,3,3.348,18.889,18.891,3.0,500.0,5,6.076,9.244,9.245,4.0,150.0,3,4.228,9.171,9.174,7.0,250.0,4,10.399,17.739,17.742,5.0,350.0,3,6.123,7.706,7.713,4.0,,,,
participant_122,773,,,,,Female,22.0,Confidence bands,650,3,179.389,185.023,185.261,4.0,100,3,9.876,13.433,13.674,4.0,300.0,3,19.871,22.255,22.513,4.0,400.0,3,12.623,14.109,14.346,3.0,550.0,3.0,15.762,23.349,23.593,5.0,400.0,3,24.449,27.192,27.458,4.0,450.0,3,55.232,61.596,61.858,6.0,200.0,3,11.695,18.94,19.22,8.0,150.0,3,8.215,10.551,10.797,4.0,350.0,3,196.895,210.21,210.456,5.0,Mostly based on my own judgement ( ≤ 1 out of 9 cases),1.0,4.0,2.0
participant_123,657,,,,,Female,45.0,Confidence bands,400,4,253.303,333.029,333.04,4.0,100,4,9.047,13.147,13.156,3.0,100.0,4,28.549,31.159,31.168,4.0,350.0,4,10.774,16.937,16.944,5.0,200.0,3.0,27.848,34.419,34.426,4.0,350.0,3,22.439,31.091,31.1,6.0,400.0,4,11.483,15.148,15.159,4.0,150.0,4,17.736,24.266,24.274,6.0,100.0,4,75.84,80.693,80.701,4.0,350.0,4,11.095,30.385,30.394,8.0,Mostly based on the AI's prediction ( ≥ 8 out of 9 cases),4.0,5.0,5.0
participant_124,184,21.099,34.163,34.181,3.0,Female,25.0,No AI,800,3,,,,,350,3,11.565,19.261,19.278,8.0,400.0,3,5.732,8.284,8.292,4.0,800.0,4,18.819,25.482,25.495,5.0,800.0,3.0,5.165,8.261,8.266,4.0,750.0,2,9.757,17.997,18.007,6.0,700.0,1,4.321,21.073,21.083,4.0,450.0,2,5.573,7.806,7.824,3.0,400.0,3,7.376,8.495,8.51,4.0,600.0,2,4.282,6.721,6.734,3.0,,,,
participant_125,140,,,,,Male,20.0,Confidence bands,200,2,14.62,34.534,34.615,3.0,150,1,1.788,3.924,3.985,2.0,250.0,3,1.785,3.335,3.372,2.0,300.0,3,4.56,5.164,5.231,2.0,300.0,3.0,3.181,3.669,3.715,2.0,500.0,4,4.034,4.913,4.977,3.0,400.0,2,4.133,5.084,5.153,3.0,150.0,3,2.189,3.837,3.885,3.0,300.0,2,1.794,2.844,2.89,3.0,300.0,1,1.634,2.649,2.694,2.0,Somewhat based on the AI's prediction (6-7 out of 9 cases),3.0,3.0,4.0
participant_126,49,2.526,6.115,6.12,5.0,Prefer not to say,,No AI,450,1,,,,,350,1,1.167,3.465,3.468,5.0,150.0,2,1.409,3.868,3.871,4.0,450.0,1,1.003,2.288,2.293,3.0,300.0,,0.864,3.656,3.66,6.0,450.0,1,1.153,3.731,3.734,4.0,550.0,1,1.244,3.257,3.26,5.0,150.0,1,1.257,2.737,2.74,5.0,250.0,1,0.912,3.357,3.36,6.0,350.0,2,1.115,2.386,2.39,4.0,,,,
participant_127,250,53.915,61.914,61.925,7.0,Female,28.0,No AI,400,1,,,,,100,1,6.73,19.628,19.637,6.0,250.0,3,16.257,23.726,23.735,5.0,400.0,1,20.717,25.257,25.266,4.0,350.0,2.0,7.296,10.923,10.932,5.0,500.0,2,6.547,15.52,15.529,5.0,400.0,1,11.823,14.065,14.073,3.0,300.0,2,15.781,23.558,23.568,7.0,150.0,2,7.239,21.957,21.965,4.0,400.0,1,6.451,9.819,9.828,4.0,,,,
participant_128,288,,,,,Female,34.0,Confidence bands,400,4,8.066,42.984,42.993,5.0,100,5,14.1758394075955,15.0910572163429,15.1295692278929,3.84977285622104,289.370820171458,2,7.16749547400277,9.23854410964704,9.2741705181786,3.28475806168911,454.652098045096,4,13.7012045443038,18.1239800186181,18.1619787196336,4.54143053191503,449.277930764966,3.0,9.39612976732531,14.0906931072672,14.1249789786515,3.57962820867366,432.894495966721,4,13.6409806950509,20.4425607017243,20.4816602106939,4.17434891725319,438.898583126573,4,10.8878891604574,14.4001924684861,14.4366499772142,3.8103281283067,237.095941793027,5,8.40101777096582,13.2854717832767,13.3235823417297,4.45474067697805,239.135561796221,5,35.576109075754,40.4805489933356,40.5162947844568,4.11864124006611,426.451668815412,2,30.8048729351598,38.2716676787191,38.3077460397524,5.06021160270417,Balanced mix of AI and my own judgement (4-5 out of 9 cases),4.0,5.0,5.0
participant_129,158,,,,,Female,21.0,Error bars,450,5,18.637,21.92,21.925,4.0,100,5,7.821,13.005,13.029,3.0,100.0,5,5.063,9.114,9.119,6.0,450.0,5,4.659,7.776,7.78,5.0,350.0,3.0,19.747,27.563,27.569,7.0,400.0,3,3.311,11.743,11.765,6.0,450.0,5,3.696,6.113,6.116,4.0,150.0,4,4.356,7.422,7.427,4.0,200.0,3,4.289,8.39,8.411,7.0,300.0,4,3.597,6.832,6.852,6.0,Balanced mix of AI and my own judgement (4-5 out of 9 cases),3.0,3.0,4.0
participant_130,319,85.127,109.216,109.227,7.0,Female,30.0,No AI,300,4,,,,,350,4,8.515,21.981,21.988,6.0,300.0,4,6.069,10.231,10.239,5.0,300.0,3,8.876,16.822,16.831,8.0,300.0,,34.328,40.465,40.473,6.0,100.0,4,4.139,7.985,7.995,5.0,100.0,4,24.342,30.442,30.451,5.0,100.0,5,3.222,4.837,4.845,3.0,250.0,2,7.561,10.402,10.409,3.0,100.0,3,24.178,27.595,27.601,4.0,,,,
participant_131,49,,,,,Female,18.0,Error bars,400,3,3.453,5.255,5.26,4.0,100,3,1.342,2.885,2.888,4.0,100.0,3,1.532,3.115,3.119,4.0,350.0,3,1.409,4.08,4.084,6.0,250.0,3.0,1.244,3.6,3.604,6.0,250.0,3,1.246,3.133,3.135,4.0,400.0,3,1.216,3.034,3.037,4.0,150.0,3,1.312,2.402,2.406,3.0,100.0,3,1.141,2.66,2.664,4.0,300.0,3,1.388,2.586,2.59,3.0,Balanced mix of AI and my own judgement (4-5 out of 9 cases),3.0,3.0,3.0
